area,tid,author,authorImg,title,content,likeNum,replyNum,postTime
抗压背锅,9264705822,贴吧赛事,https://gss0.bdstatic.com/6LZ1dD3d1sgCo2Kml5_Y_D3/sys/portrait/item/tb.1.46832ee5.xaQvz_OxIisHmGAtV_D3TQ?t=1720426323,S14盖楼打分抽奖活动圆满结束，中奖名单公布！,感谢各位吧友的大力支持，自活动启动以来，大家积极参与，是你们的热情让这次活动更加精彩！快来看看你是不是中奖了吧！ *** 恭喜以上中奖玩家！*** 请所有中奖者注意私信，@贴吧赛事 官号将于11.14日前内通过百度贴吧私信与以上中奖用户联系，提供必要的领奖信息。截止11.19日未回复者，将视为自动放弃奖品。 我们将确保所有用户的个人信息安全，仅用于奖品发放相关事宜。 没有中奖的朋友也不要灰心，未来还有更多精彩活动等着你！感谢大,352,81,2024-11-12 11:51:21
抗压背锅,9265049618,贴吧赛事,https://gss0.bdstatic.com/6LZ1dD3d1sgCo2Kml5_Y_D3/sys/portrait/item/tb.1.46832ee5.xaQvz_OxIisHmGAtV_D3TQ?t=1720426323,S14盖楼竞猜活动兑奖啦！快来看看幸运儿是不是你～,s14竞猜盖楼活动圆满结束～感谢各位吧友的支持，小赛以后会争取更丰厚的奖励回馈各位吧友！言归正传，我们恭喜以下吧友中奖！ 注意事项： 1.本次盖楼奖励除战队队服外其余奖励均有随机数字生产产生，如有重复中奖、字数不足、重复盖楼等不符合规则楼层将顺延至下一符合规则楼层。 2.@贴吧赛事 官号将于11.15日前内通过百度贴吧私信与以上中奖用户联系，请各位吧友注意私信通知，实物奖品请准备好联系人、手机、地址等信息，方便兑奖。截,45,33,2024-11-12 15:40:00
抗压背锅,9192427219,七夜魔君_,https://gss0.bdstatic.com/6LZ1dD3d1sgCo2Kml5_Y_D3/sys/portrait/item/tb.1.a4cb0c85.G3fZ1HcMuRalGRgV9yJcIw?t=1647644115,抗压背锅吧举报申诉专帖  S14专场,"原则：严格按照本吧吧规、《贴吧协议》、《吧主制度》管理内容与用户，并开设封删申诉专用贴供吧友二次申诉，一天内处理回复用户申诉 严格遵守贴吧官方的管理准则 吧务们会在24小时内，核实确实违规后处理。 举报内容包括,违反吧规以及度娘贴吧协议。 各种皮套主播相关内容，手游（农，〇 ，粥 等一切无关本吧主题的）相关内容及衍生话题 明显引战贴 YLG，水贴，其他无关电竞游戏内容。 反串贴装睿智，阴阳怪气 逆风输出以及外战期间黑LP",697,416,2024-09-26 19:40:58
抗压背锅,9297216276,落樱幻琰,https://gss0.bdstatic.com/6LZ1dD3d1sgCo2Kml5_Y_D3/sys/portrait/item/tb.1.502d34a0.wgiRLgqm2s2ZDL8XWeidRA?t=1720867395,【赛事预告】12月2日-12月8日：2024KeSPA杯, 镇楼,0,14,2024-12-01 10:44:30
抗压背锅,9298056420,R1nme,https://gss0.bdstatic.com/6LZ1dD3d1sgCo2Kml5_Y_D3/sys/portrait/item/tb.1.96dda2ac.q9uzUAaai6aDyY1BIOysKQ?t=1732953248,为什么大李狗夺冠了秒变faker二吧？,真是招笑呢，还说什么大李狗>bigbang这种话来，在下面yy韩国财阀 bigbang都有麻麻，大李狗有吗？大李狗只有科目死，科目无，以后连科目溜的希望都没有 没有Zeus大李狗也配拿冠军？混几波开一波团就美美偷下FMVP美其名曰第N春，实则是吸血队友靠偷高光维持金玉之其外，败絮之其内。 还什么大李狗直播绿茶宙斯，真是搞笑呢，没有宙斯大李狗早被喷退役了。 大李狗敢喷？明年全年被宙斯和chovy逮捕就老实啦、。 ,87,45,2024-12-01 10:42:41
抗压背锅,9298097527,CAR阳Yy,https://gss0.bdstatic.com/6LZ1dD3d1sgCo2Kml5_Y_D3/sys/portrait/item/tb.1.d55d90b8.D5Ipiukx1_qbqTr_Dpv3_A?t=1488886227,🧟♂️僵尸这么恨哥哥吗,全明星邀请赛投票，疯狂帮嘎子投票。然后跑到嘎子超话自嗨，高潮，好像他们的🧟♂️主子人气好无敌，他们脸上好有光一样,6,23,2024-12-01 11:05:34
抗压背锅,9293713768,柠徊,https://gss0.bdstatic.com/6LZ1dD3d1sgCo2Kml5_Y_D3/sys/portrait/item/tb.1.41bca13c.OJZKhccFCWmOoEUgimioww?t=1726060227,T1新签的这个haetae有点夸张,这个新上单是DK青训出身，春季赛的fmvp+单杀历史记录创造者，然后夏季赛就被hle二队买走了。夏天DK又提拔了一个07年的小将更夸张，三个月刷新前任单杀纪录到47个，同样是次级冠军fmvp，于是就成了明年DK的一队上路，id是siwoo ,1418,235,2024-11-29 02:40:45
抗压背锅,9298181736,啊1111231m_,https://gss0.bdstatic.com/6LZ1dD3d1sgCo2Kml5_Y_D3/sys/portrait/item/tb.1.b4c91b0d.LRzElrjReypTZ9nvdX2H4g?t=1724906254,科目四怎么也搞霸凌这套啊,doran因为打游戏赢了faker而惨遭t1集体霸凌 蝌蚪不是天天吹科目四人品好素质高吗？不是队友好团队和睦，不霸凌后辈吗？怎么也搞上资历歧视这一套了？怎么不在乎镜头了？ 我看大李狗和那些老干部的作风简直一模一样啊，后辈必须无条件奉承自己，让着自己，拍自己的马屁，不然就给你穿小鞋边缘化排挤你，恶不恶心啊科目四 ,0,0,2024-12-01 11:56:28
抗压背锅,9297157686,冷巷安故人,https://gss0.bdstatic.com/6LZ1dD3d1sgCo2Kml5_Y_D3/sys/portrait/item/tb.1.49007ea3.b4Rs5fa-Cl2gqITsPJ1cxw,Godv评价马头的rank操作痴呆的流口水,刚在ob真不怕js冲啊,754,202,2024-11-30 21:06:10
抗压背锅,9289995500,阿迪三叶草r,https://gss0.bdstatic.com/6LZ1dD3d1sgCo2Kml5_Y_D3/sys/portrait/item/tb.1.83c3f664.K-DnLGDjCQaFnOvTyxrQ7w?t=1627039337,哎，兄弟们有点迷茫了,我们这几年的就业行情怎么越来越差啊，感觉工作好难找。,9721,2837,2024-11-27 01:51:28
抗压背锅,9297010901,吃人参果的大象,https://gss0.bdstatic.com/6LZ1dD3d1sgCo2Kml5_Y_D3/sys/portrait/item/tb.1.678d5ec3.dM1NZqVjaZXApTcgHSJO-g?t=1687483049,我发三年神话的套路，进来打分,5=神中神，拿到就有 0=谁用啊，下水道吃灰 早期神话版本教主渴血战斧镇楼 ,927,452,2024-11-30 19:22:35
抗压背锅,9297216276,落樱幻琰,https://gss0.bdstatic.com/6LZ1dD3d1sgCo2Kml5_Y_D3/sys/portrait/item/tb.1.502d34a0.wgiRLgqm2s2ZDL8XWeidRA?t=1720867395,【赛事预告】12月2日-12月8日：2024KeSPA杯, 镇楼,0,14,2024-12-01 10:44:30
抗压背锅,9297530179,奇迹犹存,https://gss0.bdstatic.com/6LZ1dD3d1sgCo2Kml5_Y_D3/sys/portrait/item/tb.1.d786331f._i8ixOpvvDRv0WafSlEgcg?t=1629196724,s11faker和鼠男到底谁更坑,只看输的三把,519,159,2024-12-01 01:41:18
抗压背锅,9297437706,雨润甲木,https://gss0.bdstatic.com/6LZ1dD3d1sgCo2Kml5_Y_D3/sys/portrait/item/tb.1.54c9b0b7.BUC5NiDHeDA-wA5eCzh3UA?t=1638833527,明年第一场就安排ig打wbg，好不好。,nan,20,15,2024-12-01 00:27:43
抗压背锅,9298155158,无尽界限0,https://gss0.bdstatic.com/6LZ1dD3d1sgCo2Kml5_Y_D3/sys/portrait/item/tb.1.448fca8a.Ht7DwbBhbfgSXOie3_63vA?t=1732793287,lpl即将迎来第一批十周年生涯选手,该“十周年选手”指从lpl第一次登场开始，一直在打比赛的 ,0,11,2024-12-01 11:39:05
抗压背锅,9298163646,诸葛司马林,https://gss0.bdstatic.com/6LZ1dD3d1sgCo2Kml5_Y_D3/sys/portrait/item/tb.1.29a1141b.XOdBAaJUatCF2OR_VIwjNQ?t=1617254609,如果Xun真挖走BLG三C组JD全华班，和明年BLG比谁更强？,明年BLG全华班最终阵容: 上单·Bin、打野·Wei、中单·Knight、下路·Elk、辅助·On 没组成的JDG全华班阵容: 上单·Bin、打野·Xun、中单·Knight、下路·Elk、辅助·Missing 差别就是野辅Wei＆On和Xun＆Missing，但是感觉都能稳赢TES、WBG、AL，并且64开25IG吧？ ,1,2,2024-12-01 11:45:32
抗压背锅,9293619068,李赣李老八必死,https://gss0.bdstatic.com/6LZ1dD3d1sgCo2Kml5_Y_D3/sys/portrait/item/tb.1.3205218e.wcZWpJTdyrZy2GP17Funzw?t=1732820209,世界赛天天沙威玛，这下被冰爆了！,新梗权威发布：炫迈S（梗来源：wei） 世界赛天天带头在那沙威玛沙威玛，结果wei只需略微出手，就直接沙了炫母 ,4479,428,2024-11-29 00:34:30
抗压背锅,9295430961,,https://gss0.bdstatic.com/6LZ1dD3d1sgCo2Kml5_Y_D3/sys/portrait/item/tb.1.8edc4a3f.EbiaHpl4p6gkulu_l0IxVw?t=1706435787,这人是不是LPL最伟大的经理？,LPL联盟化的时候为了拉赞助每天个个公司跑，在最后一天遇到了滔搏这个隐藏大腿，dan改名TOP成功坐稳席位。18年买没成名的左手19年从自家二队的比赛里一眼相中了369，无论粉丝怎么评价这都是LPL现在的顶级选手。20年买下被苏小洛一脚踹出IG的袅袅至此为队伍带来源源不断的流量，接下来每年围绕袅袅给他找大腿，虽然最顶级的选手买不到但都是市场上最好的，队伍虽然年年成绩爆炸但是收益这块从来没差过。唯一的昏招就是花1000万买晴天（卓后面,867,200,2024-11-29 23:45:15
抗压背锅,9296949953,星海宇摇光,https://gss0.bdstatic.com/6LZ1dD3d1sgCo2Kml5_Y_D3/sys/portrait/item/tb.1.7e5c568e.mQktJOU5NquQM-NnpOhv_Q?t=1727837887,还是搞不懂，为什么22年Faker被全网黑？,上到解说主播，下到lpl战队粉丝，乐子人都在骂faker，一言不合就是krd，22年lpl戾气这么重？ ,1423,232,2024-11-30 18:45:32
抗压背锅,9298058744,33爱打羽毛球,https://gss0.bdstatic.com/6LZ1dD3d1sgCo2Kml5_Y_D3/sys/portrait/item/tb.1.f6dc36a8.uz5RZ-fQ6VS88uICwgwUKQ?t=1726849184,一人一句辱炫语录来 看看谁的攻击性最强,厦门市的戏命师吃炫迈s睡席梦思干小秘书我羡慕死 ,13,9,2024-12-01 10:43:58
抗压背锅,9298147205,F泉F,https://gss0.bdstatic.com/6LZ1dD3d1sgCo2Kml5_Y_D3/sys/portrait/item/tb.1.bd925092.ZZry1gA4bcNFeTW5EABIaQ?t=1733023897,圣枪哥也干了，不赖, ,2,2,2024-12-01 11:34:27
抗压背锅,9297820283,zk891111,https://gss0.bdstatic.com/6LZ1dD3d1sgCo2Kml5_Y_D3/sys/portrait/item/tb.1.61d134a6.sIWgbw4k-6AG7vMlD49R3A?t=1609756152,都是抗抗的错吗？, ,178,78,2024-12-01 07:57:27
抗压背锅,9297216276,落樱幻琰,https://gss0.bdstatic.com/6LZ1dD3d1sgCo2Kml5_Y_D3/sys/portrait/item/tb.1.502d34a0.wgiRLgqm2s2ZDL8XWeidRA?t=1720867395,【赛事预告】12月2日-12月8日：2024KeSPA杯, 镇楼,0,14,2024-12-01 10:44:30
抗压背锅,9293569734,1262991a,https://gss0.bdstatic.com/6LZ1dD3d1sgCo2Kml5_Y_D3/sys/portrait/item/tb.1.d6f07692.pdSTmHq12qKE6Bfaje7WjA,这种说法合理吗？,nan,1493,380,2024-11-28 23:45:03
抗压背锅,9296276842,kangming22,https://gss0.bdstatic.com/6LZ1dD3d1sgCo2Kml5_Y_D3/sys/portrait/item/tb.1.f67181c2.uXmBJ-13CMgNYBWHCmF9GQ?t=1556519576,感觉金将军的人也不行呀,这都全部阵亡了，这还怎么南下？ ,9332,992,2024-11-30 12:06:14
抗压背锅,9297930136,kita射手,https://gss0.bdstatic.com/6LZ1dD3d1sgCo2Kml5_Y_D3/sys/portrait/item/tb.1.c2fc885.nG_szc-Vmi9S6Tu1QFpXjw?t=1724906321,我只能说，任何时候都不要去招惹皇杂,不得不承认，皇杂永远是普通人惹不起的存在啊 一句沙维码，一个炫迈s，炸出来多少蝗虫余孽，哪怕是濒死的皇杂，战斗力都是如此的恐怖 48bin4n9kms的黑梗天天喊没人有意见，一句沙威玛能立马让一众皇杂应激，拼命护着自己wei跌，逮着一个炫迈和疯狗一样咬着炫狗不放，这皇杂他还就是那个粘狗屎啊，粘上炫狗了啊 被蝗灾盯上了，我只能说炫狗以后要有福喽 ,651,115,2024-12-01 09:29:18
抗压背锅,9274498100,,https://gss0.bdstatic.com/6LZ1dD3d1sgCo2Kml5_Y_D3/sys/portrait/item/tb.1.1a2d3e5f.8jUMR7PCozja0EC9vId17Q?t=1732259679,这小吕布一直播就爆爆爆,不愧是是T1最会上嘴脸的 ,13357,1248,2024-11-18 12:56:54
抗压背锅,9298096141,带来秋风,https://gss0.bdstatic.com/6LZ1dD3d1sgCo2Kml5_Y_D3/sys/portrait/item/tb.1.5d89cd84.8A5N_jRbxaqaadjE0KMA9A?t=1695714507,这么多天了，还是意难平，和s7一样，明明实力更强被教练坑输。,这个版本，说实话BLG远比s7的RNG强，BLG本来才是实力最强的，不过教练不行，bp被完爆，二四五把选出来就不用玩了，随便带几个大师上去效果一样。教练互换三比零了，局内表现，BLG选手表现比对面强多了。 ,38,29,2024-12-01 11:04:47
抗压背锅,9296266974,稳住别寄,https://gss0.bdstatic.com/6LZ1dD3d1sgCo2Kml5_Y_D3/sys/portrait/item/tb.1.8c7810a7.4GpuiMmm97LfF8XrN9hYUA?t=1732919968,实话说明年zeka可能成为hle破绽,这货纯纯英雄勺，今年阿卡丽faker打geng，左手打wbg都打出效果了。超威打t1，把小火龙打上ban位了。永恩也是非ban必选英雄。塞拉斯也是强势英雄。结果这货直接被左手爆烂了。记得常规法师版本，这货好像是纯路边。hle这阵容一看豪华，仔细一看英雄勺，世界赛软脚打野。还没指挥。纯纯虚逼,172,99,2024-11-30 12:00:26
抗压背锅,9297734553,神偷UZI,https://gss0.bdstatic.com/6LZ1dD3d1sgCo2Kml5_Y_D3/sys/portrait/item/tb.1.943f2dda.jKfEadHdA8Bne8lZ6PSwxA?t=1580723981,半夜刷视频突然给我吓一跳 想起了初中的一次熬夜,就是要睡了，听见房间里有人说话，而且很明显的能听到方位是在房间角落，像是有几个人在交谈，但是我一打开灯就没有了，一关灯躺床上准备睡觉又听得见，就跟这个评论说的一样，我听得清有人在说话，但是听不懂他说的什么，当时吓得我一晚上开着灯没睡看到这条评论真的有种过了十年的后怕感 ,74,91,2024-12-01 06:10:51
抗压背锅,9297482582,,https://gss0.bdstatic.com/6LZ1dD3d1sgCo2Kml5_Y_D3/sys/portrait/item/tb.1.fceff450.jKwjoIigb-rnTNi0VlR59Q?t=1686471650,求助问一下这波怎样才是最优解  因为一波决策吵了一晚上,我们五个人开黑，乌鸦当时1-3还是1-2忘了，永恩挺肥的，我是厄斐琉斯，然后下路打起来了，我就去下路支援了，没继续推中了。下路打起来已经完全溃败，全掉了，后来去了下路杀了一个塞恩。但是乌鸦就说你这波为什么要来，不直接推中拿一个满镀层的中一塔（当时中路还有四层皮，我身上只有一个收集者+两个短剑+多兰）。我就说这波不来对面直接上高地了，亏麻。来了还守住了下二塔，因为这个事吵的不可开交 ,12,74,2024-12-01 01:01:19
抗压背锅,9297340655,纳什涛涛,https://gss0.bdstatic.com/6LZ1dD3d1sgCo2Kml5_Y_D3/sys/portrait/item/tb.1.a43ed0fa.692wCoGu5W6dwMQN6k-gcg?t=1709215284,关于结婚和彩礼，房子的事请教8u们,现在情况是，我男的，父母住一套房。一直没买房子。然后对象去年家里给她买了个房子，还有40w的贷款。现在对象要求我买个房子，但我不想背贷款。家里存款大概80w。对象要彩礼20w。说嫁妆就是她那套有40w贷款的房子。我其实也不想买房子，不想背任何贷款。我父母意思想把他们住的卖了然后他们换一个小一点的房子住。给我全款买一个房子。 ,80,262,2024-11-30 23:14:41
抗压背锅,9293660341,万绿的回归,https://gss0.bdstatic.com/6LZ1dD3d1sgCo2Kml5_Y_D3/sys/portrait/item/tb.1.49bf5dee.mVeEGcZx_nZhtoajgmILRg,不至于这么恨吧...,叫咒尸我还能理解是lol经典冥府系上单：牛头马面，这直接咒似真不太好... 希望大家少一点人身攻击。那些很有活的别名不好吗，什么小人国国王，50，333/666/999 盗/学弟…希望大家少一点戾气，无论是谁希望都别在说ms，48这些烂称呼了 就像我是b杂，我也觉得三羊开泰，打野索拉卡，糯手，小人国国王，踢椅子这些梗很好玩，但是天天又是48又是魂环真的影响观感… 同样的，我很尊敬faker选手，喜欢倒是谈不上。吧里也别天天ms了 还互联网一片和谐的,118,71,2024-11-29 01:20:36
抗压背锅,9297216276,落樱幻琰,https://gss0.bdstatic.com/6LZ1dD3d1sgCo2Kml5_Y_D3/sys/portrait/item/tb.1.502d34a0.wgiRLgqm2s2ZDL8XWeidRA?t=1720867395,【赛事预告】12月2日-12月8日：2024KeSPA杯, 镇楼,0,14,2024-12-01 10:44:30
抗压背锅,9298150201,丁真型人才,https://gss0.bdstatic.com/6LZ1dD3d1sgCo2Kml5_Y_D3/sys/portrait/item/tb.1.e13748b8.CO2ikpt07uYr4z9wOBmU1w?t=1725549700,吧友们真的是我的问题吗,我寻思不是他艾克叠金克丝早死了八百回了 ,0,8,2024-12-01 11:36:09
抗压背锅,9294745925,z1175608840,https://gss0.bdstatic.com/6LZ1dD3d1sgCo2Kml5_Y_D3/sys/portrait/item/tb.1.5209926c.LgrM61L8gnYDEbd82XMOAg?t=1481710338,都说不是版本定制，可是学t1或者像t1的都进决赛了,s11，edg经典抄t1打法和bp最后夺冠，当年鼠男拉大了不然也不会给dk打下，s12，简单的drx学t1，核心是drx还多一手千珏王和akl，t1的bp压力太大加上状态不好，s13就不用说了，wbg也是学t1，s14，blg一直都被说是打得像t1的队伍，msi上面的英雄bp和世界赛也证明这点，别老说鸡蛋ad，blg每次蓝色方都需要ban2个ad位，而且blg赢得局也都是需要xun选到野核(千珏，蝎子)玩工具人的都输了，版本的适应本身对队伍影响就很大，典型的lng之前就是中游队伍，版本来了就,68,27,2024-11-29 16:34:17
抗压背锅,9293232469,扑街衰嗨,https://gss0.bdstatic.com/6LZ1dD3d1sgCo2Kml5_Y_D3/sys/portrait/item/tb.1.ea8ce9f0.rwp-i_S1x9zqYsP3s1vltQ?t=1586278349,elo怎么不制裁小代啊,刚碰到个小代扎克，赢了差不多一页了，但就一把mvp svp，全是碾压局，这不安排elo？没mvp不会被elo吗？ ,568,186,2024-11-28 19:32:47
抗压背锅,9297628686,流年致夏,https://gss0.bdstatic.com/6LZ1dD3d1sgCo2Kml5_Y_D3/sys/portrait/item/tb.1.416a0744.c3MJVV-L_jq8SI6xIOTlcQ?t=1731407312,今年faker和三圣一帝对比图来了,nan,671,154,2024-12-01 03:26:43
抗压背锅,9297882643,OOOKABUTOOO,https://gss0.bdstatic.com/6LZ1dD3d1sgCo2Kml5_Y_D3/sys/portrait/item/tb.1.cc7ad7c9.oQpTCYPRw1zAcP79RbK9Aw?t=1666834946,理性讨论faker能夺冠的原因,我感觉faker能拿这么多冠军不是因为他多么多么强，而是因为他一直都保持一线的水准，这是很多冠军中单做不到的。巅峰的许秀，chovy，rookie，左手等等人都在不同的版本有过把faker吊起来打的记录，但是faker总是能在他们的状态掉到不足一线的时候战胜他们 ,259,158,2024-12-01 08:56:32
抗压背锅,9290189225,bdlyh4000j,https://gss0.bdstatic.com/6LZ1dD3d1sgCo2Kml5_Y_D3/sys/portrait/item/tb.1.f40a7cee.nlv0BByqknBQ_E7dkLYVyg?t=1638928941,不是，哥么？,骆歆还搞这种啊，当初要是接受🐔老二不就不用这样了嘛 ,652,90,2024-11-27 07:05:47
抗压背锅,9296361150,你好你好啊156,https://gss0.bdstatic.com/6LZ1dD3d1sgCo2Kml5_Y_D3/sys/portrait/item/tb.1.c46eb328.dikVgPLFDaDLdLURQ7VAFg?t=1729516443,ig新经理管理团队将是藤井的人吗？,我看ig超话在说ig新经理将是藤井的人 ,320,100,2024-11-30 13:08:25
抗压背锅,9275401577,卡布达bob,https://gss0.bdstatic.com/6LZ1dD3d1sgCo2Kml5_Y_D3/sys/portrait/item/tb.1.18cee8f2.oeU7A5rBb7ED73Bg_T1IKg?t=1727224249,蝌蚪无敌了，喜欢翻到22年的贴叫是吧,能给你跌上上压力吗？ ,338,118,2024-11-18 22:58:31
抗压背锅,9297851051,5353ljz,https://gss0.bdstatic.com/6LZ1dD3d1sgCo2Kml5_Y_D3/sys/portrait/item/tb.1.14dd2d81.EsQvx2N9DaVcjCl4juifdQ?t=1679466776,大家别酸女左手了，因为有更酸的,仅仅为了一块蛋糕？专门飞巴黎？ ,466,79,2024-12-01 08:26:41
抗压背锅,9297334243,网络魔怔人之王,https://gss0.bdstatic.com/6LZ1dD3d1sgCo2Kml5_Y_D3/sys/portrait/item/tb.1.fc00999a.wh27IPrbElOs6d00oL8lnw?t=1729402116,这专家他骗人啊，全球变暖他也不无敌哇,怎么还这么冷，全球变暖是不是阴谋论？,483,164,2024-11-30 23:10:12
抗压背锅,9297216276,落樱幻琰,https://gss0.bdstatic.com/6LZ1dD3d1sgCo2Kml5_Y_D3/sys/portrait/item/tb.1.502d34a0.wgiRLgqm2s2ZDL8XWeidRA?t=1720867395,【赛事预告】12月2日-12月8日：2024KeSPA杯, 镇楼,0,14,2024-12-01 10:44:30
抗压背锅,9295608099,进击的天然呆丶,https://gss0.bdstatic.com/6LZ1dD3d1sgCo2Kml5_Y_D3/sys/portrait/item/tb.1.111982be.bnZnba66vkp5SCg51ITPNQ?t=1731539872,真有一堆神人xxz信选购是什么富二代啊？,选购营销富二代也就b站复播时候爆的事 全是叔叔的大手 icon自曝自己不是谢世煌儿子的时候也有一堆没🧠的结晶体啊 为什么退役前不说明白呢？ 这流量 他得吃呀 选购在斗鱼时候的证件照 油头垢面满脸麻子一眼炉管男 华亚跟他一家子有牛魔关系 他爸，妈都是路边啊 上边名字都没有 ,947,209,2024-11-30 02:36:45
抗压背锅,9295800783,,https://gss0.bdstatic.com/6LZ1dD3d1sgCo2Kml5_Y_D3/sys/portrait/item/tb.1.492383b0.G7JZVHF-lpOqafl3U7782g,唉 炫神吸走了属于火星包的人生啊,要是 19年巅峰的包哥不选择和炫狗双排 会不会一切都不一样呢？ 最后不仅人气吸走了 连自己的直播效果嘴臭也模仿去了 唉😮💨 郁郁不得志的包哥被炫神偷走了所有啊,3039,444,2024-11-30 06:52:08
抗压背锅,9296789570,4673466asisksj,https://gss0.bdstatic.com/6LZ1dD3d1sgCo2Kml5_Y_D3/sys/portrait/item/tb.1.242ac6c9.6S8pvQMxJzqyPoHYDNZobw?t=1732623868,这装备为什么比法穿棒贵, ,710,286,2024-11-30 17:13:29
抗压背锅,9297916118,我真的不想起88,https://gss0.bdstatic.com/6LZ1dD3d1sgCo2Kml5_Y_D3/sys/portrait/item/tb.1.b0f522e.A8i-MF4ocZKrd7vzmCtwMw?t=1694389983,抗吧或被全体封号。,nan,12,21,2024-12-01 09:19:14
抗压背锅,9296672613,荒野钓鱼大师,https://gss0.bdstatic.com/6LZ1dD3d1sgCo2Kml5_Y_D3/sys/portrait/item/tb.1.da0ca8c2.pxGp7LdFlo9vNc9heiBjUA?t=1688140842,难绷，jiejie这个飞舞竟然能进全神班？,ig新老板有点坑，不如把xun回购,267,93,2024-11-30 16:08:30
抗压背锅,9295069258,水鬼太多了,https://gss0.bdstatic.com/6LZ1dD3d1sgCo2Kml5_Y_D3/sys/portrait/item/tb.1.a5ede5b3.eYKlTgexFrPzW1L2Y-iOsA,真别把石头赶路当s13吧,看这个帖子一堆人都在骂石头赶路的。 笑死， 石头赶路这个转会期先挖chovy，没挖到让锅盔去挖blg3c，也没挖到，然后就摆了啊。 给泰哥配个小天，进世界赛吃个全华班流量保底就可以了。 如果石头赶路真要补强冲s冠，早就踢light买peyz了，丹妮也不会放出来。 至于为什么不补强冲s冠，看我上个帖子。 泰哥这两年啥荣誉都没 次次冒泡赛四号种子出线，教练压对版本的情况下依然看不到拿s冠的一点希望。 肯定摆啊，泰哥在的战队下场都这样。 战队,120,80,2024-11-29 19:35:25
抗压背锅,9285624654,风都中细数罪恶,https://gss0.bdstatic.com/6LZ1dD3d1sgCo2Kml5_Y_D3/sys/portrait/item/tb.1.1492b87a.YSXj0Q79SjIDFvm5_hih5A?t=1723982673,哪些选手打了五年以上职业没参加过s赛？,五年都进不去s赛的是不是five？ ,723,173,2024-11-24 17:12:44
抗压背锅,9297121903,ruintem,https://gss0.bdstatic.com/6LZ1dD3d1sgCo2Kml5_Y_D3/sys/portrait/item/tb.1.191f01bf.hDt9EnHlCpqUFV4LgJSsCA?t=1658923332,现在政治这词都算敏感词了吗？补双城之战第一季,杰斯有句台词：我对政治没兴趣，这都是你逼我的 zz直接删了也太敏感肌了吧 ,85,36,2024-11-30 20:34:31
抗压背锅,9296191808,怕是没想好,https://gss0.bdstatic.com/6LZ1dD3d1sgCo2Kml5_Y_D3/sys/portrait/item/tb.1.155a0a63.SDj9u-3QW0DFD7dGNNLAhg?t=1732595458,炫神动态这评论区也太夸张了吧,直播口嗨别人时候有想到自己也有这一天吗 ,5128,585,2024-11-30 11:17:46
抗压背锅,9170311683,梁静茹情歌天后,https://gss0.bdstatic.com/6LZ1dD3d1sgCo2Kml5_Y_D3/sys/portrait/item/tb.1.8d724bf8.872foHn7bmzSq8WAAdeMUQ?t=1720875572,说的有没有问题？到底有没有酒文化？,nan,1105,367,2024-09-11 21:45:18
天堂鸡汤,8291728800,乌利扬诺夫斯克,https://gss0.bdstatic.com/6LZ1dD3d1sgCo2Kml5_Y_D3/sys/portrait/item/tb.1.8db1f8ad.lL19gWiCdnvyAcC2QdhDZg?t=1670065894,【2023新】糖吧关于负能量帖子格式的最新规定,为了改善大家的逛吧体验，并且保留吧友提供倾诉、分享的机会，请吧友发布含有负能量、催泪向帖子时，按照以下格式在标题中加入前缀，以便吧友可以清晰分辨内容，进行选择性阅读。 ①对于负能量、倾诉向的帖子，请吧友在标题前加上【非糖】前缀； ②对于催泪贴、破防贴，请吧友在标题前加上【催泪】前缀； ③对于转载的meme图，请吧友在标题前加上【转载】前缀。 ,1695,826,2023-03-03 16:11:26
天堂鸡汤,9297502002,,https://gss0.bdstatic.com/6LZ1dD3d1sgCo2Kml5_Y_D3/sys/portrait/item/tb.1.502ea8c2.86w-nqdpE-_s9vFM8Wh3yQ?t=1732775080,非糖 养了13年的小狗离我而去了,在糖吧倒垃圾真是道歉，但憋着不说又很难受..,4,35,2024-12-01 01:16:42
天堂鸡汤,9295349082,fffgggg0205,https://gss0.bdstatic.com/6LZ1dD3d1sgCo2Kml5_Y_D3/sys/portrait/item/tb.1.6f640c08.BiOh_7n8NwJBpxiCGEr1Ug?t=1714012792,[lbk]非糖[rbk]想问大伙。。。和喜欢的女生聊天，会boki是正常的吗,最近有点困扰我😖我脑子里没有想下流的事情，但是控制不住自己boki了。。。我觉得这很下流怎么办 ,1,12,2024-11-29 22:31:45
天堂鸡汤,9293085484,莉马小宝,https://gss0.bdstatic.com/6LZ1dD3d1sgCo2Kml5_Y_D3/sys/portrait/item/tb.1.26e3dfdb.CvFcl2Lqz6Sd-QBQBVpp4A?t=1683874597,戴上耳机才能逃避一会现实,nan,9,8,2024-11-28 18:06:04
天堂鸡汤,9297389157,皇家理工工程师,https://gss0.bdstatic.com/6LZ1dD3d1sgCo2Kml5_Y_D3/sys/portrait/item/tb.1.4dd4e6e1.ZkUhox1UDDCwCIjzqOJiyQ?t=1730480025,保持单纯，世界就很美好,上大学了，自己做前排认真上课听课、记笔记被老师注意到了。在找老师要资料复习的时候，老师特意提到了我的认真，那一刻真的感觉开心。虽然总有人觉得这件事很“无聊”“幼稚”，但我觉得这算是种单纯吧。上了这么多年学还是有着单纯的心态，当时也是因为老师的一句“我觉得你很认真，我观察过你上课都在认真学习和听讲”真的开心了好久好久啊，可惜分享在自己学校的吧里并没有多少人同感也是生活中的小【糖】了，不知道有多少吧友,20,8,2024-11-30 23:54:24
天堂鸡汤,9297240586,Ansleepyowl,https://gss0.bdstatic.com/6LZ1dD3d1sgCo2Kml5_Y_D3/sys/portrait/item/tb.1.dc8c023e.lwMBzcE22zJJWflwCTn4XQ?t=1703258737,对着手机傻笑半天,虽然我也不太明白乐的点在哪里，但就是感觉很开心 ,5,7,2024-11-30 22:12:15
天堂鸡汤,9297503030,我问问听听,https://gss0.bdstatic.com/6LZ1dD3d1sgCo2Kml5_Y_D3/sys/portrait/item/tb.1.eb9cea62.xNh9pyl6GTrrVBU30l2rPQ?t=1732988888,标题五个字,我发现我一旦喜欢上某人，我就会立马把自己否定得一无是处，然后强迫自己远离她，甚至把原本正常的关系搅乱，弄的一团乱麻。 然后发现喜欢的的人跟别人在一起了之后，又会懊恼自己的怯懦无能，主动代入ntr的苦主角色，其实她从来都不是我的，但是我又无法接受她的离去。 这就导致我变得假装阔达实则敏感，无法追求任何东西，永远只能眼睁睁看着喜欢的人或者物从眼前逃也似的溜走。 所以我发现我没法爱人，也理所应当地没有被爱。这种,3,10,2024-12-01 01:17:34
天堂鸡汤,9297357590,逃跑的默契,https://gss0.bdstatic.com/6LZ1dD3d1sgCo2Kml5_Y_D3/sys/portrait/item/tb.1.c633efcf.PKhIXjNSBEfBV5pBJx_j3Q?t=1683035203,笑料分享（本人）,麻麻：不许在床上喝饮料 我：不用怕，洒不了 麻麻：尊嘟假嘟 我：🤓 ,9,5,2024-11-30 23:27:28
天堂鸡汤,9016820343,天行墨轶,https://gss0.bdstatic.com/6LZ1dD3d1sgCo2Kml5_Y_D3/sys/portrait/item/tb.1.ce4cc275.BvehAcA2FIPAb60dshBTaQ?t=1695277660,【非糖楼主发癫介意慎点】小小发点牢骚π_π,好想多点线下的女性朋友啊。楼主是女生，比较喜欢玩美少女类型的游戏。柴郡的猫猫头表情包相当长一段时间很高热度，感觉到处都有人发。因为柴郡实在太可爱了果断下载游戏玩玩。我记得好像是22年11月吧，没想到这么久了。现在是退坑状态，在同类型游戏（指主角万人迷）千年之旅过着咸鱼日子。退坑是当时卡船又魔方大破一气之下卸了（笑），现在也就逛逛贴吧了。 回到主题，楼主显然是社恐分子，不喜社交也不懂得怎么交朋友，糟糕的是,9,15,2024-05-14 23:42:25
天堂鸡汤,8853299805,汀霧,https://gss0.bdstatic.com/6LZ1dD3d1sgCo2Kml5_Y_D3/sys/portrait/item/tb.1.d681378e.UoylOmakApM4rGE_gMC0iQ?t=1731460712,既然如此，那我也开个贴记录一下自己的大学生活吧,新的一年又开始了，翻了下相册，发现好像并没有什么深刻的记录…一年稀里糊涂的就过去了每当这种时候都会感慨自己当时没有好好记录下来所以，我想要在这里记录下从现在开始到大四毕业我的日常生活 ,872,1767,2024-01-09 19:45:35
天堂鸡汤,9295556284,周拉拉555,https://gss0.bdstatic.com/6LZ1dD3d1sgCo2Kml5_Y_D3/sys/portrait/item/tb.1.1fc3239.yTO0JOFaoOm3EXcn7c9WgA?t=1732943466,我真的好想被爱, ,128,54,2024-11-30 01:43:46
天堂鸡汤,9297356873,牛魔豆丁王,https://gss0.bdstatic.com/6LZ1dD3d1sgCo2Kml5_Y_D3/sys/portrait/item/tb.1.c9805c16.6cqd-no08qQsHEG7ghB-Xw?t=1704458014,在家里宅了两个月了，几乎没有出过门,父母小学教师，很符合刻板印象的那种 至于为什么这么说，举个例子吧，小学当着全班的面被母亲的高跟鞋踢大腿跪在地上半天走不动路，这只是童年阴影中的冰山一角 初中因为新来的被校园霸凌，好不容易交到一些朋友又被父母因为学业强制转学，插班生交不到朋友 高中被父母压力，抑郁症大爆发，休学，一共上半年高中 走单招进了本地大专，最开心的两年 结果刚毕业，因为意外腰突了 腰突之后在家养着，又被俩人给抑郁症搞复发了 （我妈脾,36,24,2024-11-30 23:26:56
天堂鸡汤,9293565455,HusVan,https://gss0.bdstatic.com/6LZ1dD3d1sgCo2Kml5_Y_D3/sys/portrait/item/tb.1.5c60b9cf.Dn4XHE0SWQP3HWY2JNxV-w?t=1731037680,讲讲我们学校门口的一个老奶奶,nan,70,50,2024-11-28 23:40:23
天堂鸡汤,8468393487,Guma3yusi,https://gss0.bdstatic.com/6LZ1dD3d1sgCo2Kml5_Y_D3/sys/portrait/item/tb.1.842afcc6.gIHD1hQoND1Xs_lvjPk7vQ?t=1687858979,今天鼠鼠大学毕业了，就从今天开始记录以后的生活吧,nan,1062,1813,2023-06-19 21:12:44
天堂鸡汤,9293855834,Lexum咲夜,https://gss0.bdstatic.com/6LZ1dD3d1sgCo2Kml5_Y_D3/sys/portrait/item/tb.1.f8516c06.9qZ80TTeP9RAH4BpsMICwQ?t=1729415556,哈哈哈哈哈, ,278,46,2024-11-29 07:55:43
天堂鸡汤,9297373858,狂三月暮,https://gss0.bdstatic.com/6LZ1dD3d1sgCo2Kml5_Y_D3/sys/portrait/item/tb.1.324264d8.VabP6x6OmzvA8Vcl1lppgQ?t=1732545006,建了一个有关缺爱内向孤独者的qq群聊,内向、孤独、孤僻、缺爱、抑郁、比较严重的中二病、经历过创伤、性虐待、迫害或校园欺凌的人聊天交友的地方🥺🥺🥺 ,0,8,2024-11-30 23:40:20
天堂鸡汤,9212150965,闪耀的红旗,https://gss0.bdstatic.com/6LZ1dD3d1sgCo2Kml5_Y_D3/sys/portrait/item/tb.1.3210da3.6ErENpO-68mMT1RzpuxrZQ?t=1676795390,孤独是人生常态吗,nan,7,5,2024-10-10 00:17:41
天堂鸡汤,8611079008,数码切羽,https://gss0.bdstatic.com/6LZ1dD3d1sgCo2Kml5_Y_D3/sys/portrait/item/tb.1.559d650a.IY68kIp656HSZwU1UHoUgA?t=1699293772,回忆童年（非糖）,对不起 本来不想发到糖吧的 但最近情绪太不稳定了 ,1705,1621,2023-09-21 00:23:26
天堂鸡汤,9297011421,棽莎,https://gss0.bdstatic.com/6LZ1dD3d1sgCo2Kml5_Y_D3/sys/portrait/item/tb.1.55d32f3b.w53UfdqrCEBI9rnue8NHYw?t=1719429186,【日常】一点小小的幸福感,最近推上首页的糖吧贴都是非糖所以我来分享一点糖 上个礼拜拔牙了，加上拔牙前几天发炎，连着十几天没吃上好吃的，所以今天冒着寒风出来吃饭叻披萨好吃，打折的牛排好吃，可乐也好吃😋 也祝愿大家牙齿健康，吃嘛嘛香 还有对面的哥们你要来口不？ ,7,16,2024-11-30 19:22:54
天堂鸡汤,9296442757,秋之白晔,https://gss0.bdstatic.com/6LZ1dD3d1sgCo2Kml5_Y_D3/sys/portrait/item/tb.1.d8f704d1.BSCoYlzXom9qs5D2-Xi-8A?t=1564140543,看到帖子的人都站起来出去晒晒太阳, ,210,36,2024-11-30 13:56:37
天堂鸡汤,9285262794,恩731,https://gss0.bdstatic.com/6LZ1dD3d1sgCo2Kml5_Y_D3/sys/portrait/item/tb.1.12a140c5.p5tolpDJy0sAa1Bg3iCTrw?t=1528205670,【非糖】最近好纠结,最近工作迟迟没有定下来，总感觉工作没找对，可再换工作又不太行了，情绪压抑的不行，又有想要自鲨的想法了，结果我爸妈不知道咋了，突然死活非要把房子过户给我。本来房子是我奶和我爸两个人名字，但我奶八十多了，我爸怕她哪天一个不小心，就还是过了户，我还以为会过户给我爸，没想到居然过给我，我又不能告诉他们我想自鲨，别过给我了，结果稀里糊涂我有了一套几十万的房产，我现在心里还是想si，但是又想到踏马的几十万的房子,31,45,2024-11-24 12:41:15
天堂鸡汤,9269761058,zzz642160420,https://gss0.bdstatic.com/6LZ1dD3d1sgCo2Kml5_Y_D3/sys/portrait/item/tb.1.2e71fcc2.1j3UywQaW0IxKOWLFt_xWw?t=1730294590,男女真的没有纯友谊吗,已老实求放过 连着两个好兄弟都这样，我有点破防了。在他们说这些话之前我完全没有往那些方向想过。原因有三。一是我是真的正宗坦克飞柱。二是A会给我发涩图，B会和我讨论各种漂亮姐姐，这难道不是纯正的好兄弟吗。三是最短的我们也已经认识四年以上了，我真的以为我们友谊深厚 我自我感觉还是边界感比较强的那种，从不挑那种比较暧昧的话题和他们讲，比如谈家庭，谈择偶观，谈未来。 我这种前两段恋爱全是被自己冷暴力对方搞砸的糟,1538,476,2024-11-15 10:38:30
天堂鸡汤,9275295365,饶国瑞88,https://gss0.bdstatic.com/6LZ1dD3d1sgCo2Kml5_Y_D3/sys/portrait/item/tb.1.23a7ca0d.F3rJmfnnlDUGMxYULrFj0A?t=1732036906,家长把我送到戒网瘾学校后の事,懒得废话直奔主题吧，今年暑期，因为我有个玩的很好的朋友（男的，我本人也是男的）他的家长给他报了个夏令营（30000块/20天），我家长懒得照顾我，索性直接给我扔到戒网瘾学校（3000块/1个月）了，没有事前商量一下，那天早晨我还在床上睡觉（暑假刚放假），3个男成年人冲进了我的卧室，二话不说先让我穿衣服，拽走我的被子，给我随手套上一件T恤，把我从床上拽下来，跟押凡人一样从背后扣着我的手，直接带我走出了家门，家人全程沉默,4070,722,2024-11-18 21:29:51
天堂鸡汤,8872958731,十念夜白,https://gss0.bdstatic.com/6LZ1dD3d1sgCo2Kml5_Y_D3/sys/portrait/item/tb.1.58e3618.92DbwL03137i2IP85Txq0A?t=1732889996,【记录】所见皆我,当朋友圈发，记一下自己生活碎片 ,139,225,2024-01-23 15:49:02
天堂鸡汤,9260355639,夏沫时雨,https://gss0.bdstatic.com/6LZ1dD3d1sgCo2Kml5_Y_D3/sys/portrait/item/tb.1.7c32b7.NV5PLHNTVKtK_d1TB9buXA?t=1731659952,【非糖】太好了是盐酸舍曲林片！我们有救了！,ʚ✞希望自己可以好起来✞ɞ 加油加油！！！ʢ˶ᵒ ᵕ ˂˶ʡᶻ （ฅ^可能会有一些碎碎念……但还是要努力积极向上呀！！！） ,18,128,2024-11-09 15:25:46
天堂鸡汤,9045516749,金元素符号,https://gss0.bdstatic.com/6LZ1dD3d1sgCo2Kml5_Y_D3/sys/portrait/item/tb.1.16c8ad3e.EpLd328ZiUDqdRQVA0Ybcg?t=1730159311,纯粹的水帖,氵氵氵氵氵,111,1143,2024-06-08 16:55:22
天堂鸡汤,9296928144,虚伪世界和人,https://gss0.bdstatic.com/6LZ1dD3d1sgCo2Kml5_Y_D3/sys/portrait/item/tb.1.c32f7cf0.PM5DVKwW3Ue_4eud1nUWIA?t=1584428037,去年申请的助学金只发一半，问导师也不回话，同志们，该怎么办啊？,去年11月份申请的国家贫困助学金楼主拿到了第二档，一年资助3300的，一月份时发了1650，按理说，今年七八月份应该将另一半发下来了，但一直没有信，班中其他申请了的同学也没有发，我想等等算了，但我其他高中同学所在的学校申请的助学金已经发了，由于楼主7月份开始实习不在学校了，便于10月9日在微信上问导师助学金大概什么时候发，但导师只说了一句，这个都没发吗？就不回话了，过了一段时间11月16日又问了一下导师，还是不回话。。。,3,8,2024-11-30 18:32:18
天堂鸡汤,8245241039,我上课虚拟,https://gss0.bdstatic.com/6LZ1dD3d1sgCo2Kml5_Y_D3/sys/portrait/item/tb.1.82118ee.Gg9004R2jxTGnyyKXD-i-A?t=1503414736,也就能和天堂鸡汤吧吧友来玩这个游戏了👿,nan,6813,9821,2023-02-03 21:17:34
天堂鸡汤,9278250655,千载春秋月,https://gss0.bdstatic.com/6LZ1dD3d1sgCo2Kml5_Y_D3/sys/portrait/item/tb.1.3323b338.IuIHPaYWWG_eUBsAWjDAEw?t=1732088052,哥们要开启戒手机打卡了，每天在贴里汇报情况，讲讲故事，接受监督,哥们今年已经25岁了，在家啃老大学毕业没有工作，考研4战失败，感觉再玩下去自己要废了，想自学公考上岸。所以在这立贴为证，我会每天打卡连带聊一些自己觉得好玩的事，欢迎大家达则一起进步，穷则权当消遣。 ,93,137,2024-11-20 15:33:09
天堂鸡汤,9295586197,V字老先生,https://gss0.bdstatic.com/6LZ1dD3d1sgCo2Kml5_Y_D3/sys/portrait/item/tb.1.cee2293c.rW4N9LO47w4fRSLAYqtYlQ?t=1621958851,【非糖】想知道抑郁症是什么感受，很想体会一下,如题，希望自己能更好的融入这个群体，更多地理解他人，帮助他人。我常常想抑郁症患者的经历发生在我身上会怎么样，可惜这种事情没办法模拟。我无法感同身受。,147,185,2024-11-30 02:13:52
天堂鸡汤,9297791384,zsywddd,https://gss0.bdstatic.com/6LZ1dD3d1sgCo2Kml5_Y_D3/sys/portrait/item/tb.1.673df21e.VjnCsNW2kvBZgKW-nHWsfQ?t=1729858392,一张很棒的漫画, ,12,0,2024-12-01 07:24:49
天堂鸡汤,9297733181,Lexum咲夜,https://gss0.bdstatic.com/6LZ1dD3d1sgCo2Kml5_Y_D3/sys/portrait/item/tb.1.f8516c06.9qZ80TTeP9RAH4BpsMICwQ?t=1729415556,今天断了一根掌骨, ,0,0,2024-12-01 06:08:56
天堂鸡汤,8814832006,七海落千羽,https://gss0.bdstatic.com/6LZ1dD3d1sgCo2Kml5_Y_D3/sys/portrait/item/tb.1.2faf8f81.t7hoX_zARYQVasjJYiMpHA?t=1706947500,大家的网名有什么含义呢？, ,28627,6737,2023-12-23 13:00:33
天堂鸡汤,9295781270,,https://gss0.bdstatic.com/6LZ1dD3d1sgCo2Kml5_Y_D3/sys/portrait/item/tb.1.9f003cb3.AfPqu2D7i9tF6D5Gb-ZfbQ?t=1732808757,我被校园霸凌了,原因大概是我跟我们班一个很优秀的女生做过朋友，后来起了争执后我本来想忍气吞声，毕竟高三了忍忍就过去了，结果她在班里传我要告老师告家长，行事不端类似的谣言。而我只是一个家境普通人缘普通的怂货，现在全班同学除了我的几个要好的朋友外，都站在她那边，她昨天甚至打了我，我现在的状态有点像被孤立了,102,90,2024-11-30 06:26:00
天堂鸡汤,9263788934,zzzzzsssss双子,https://gss0.bdstatic.com/6LZ1dD3d1sgCo2Kml5_Y_D3/sys/portrait/item/tb.1.ee972f71.JKih1MXc7yFvmhOlVWad7Q?t=1658191904,这里理想中的网络，还是本来就应该这样的呢,nan,1888,266,2024-11-11 20:09:58
天堂鸡汤,9295494346,狮子咕咕精,https://gss0.bdstatic.com/6LZ1dD3d1sgCo2Kml5_Y_D3/sys/portrait/item/tb.1.cb49ec1a.Ff786eatg9HPWFo6WFyCJw?t=1720615493,非糖 唉 随口叨叨啦,后天就要国考啦 压力大大的嘞 前两天处了一年半的女朋友也没源头突然跟楼主提了分手可能是在学校遇到了比我好的人吧 具体的故事就不说啦，回想起来只觉得楼主傻傻的 现在一个人住在考场附近的酒店里，看一会题，发一会呆。 去年的这个时候我在做什么呢？当然是曾经宇宙无敌可爱的女朋友（她给自己起的外号）跑过来找我玩啦我的包里还留着她送给我的花瓣（一年了有点皱巴巴）以及～一个日记本，那是第一次有人说喜欢我哎，不过也算啦,43,25,2024-11-30 00:44:44
天堂鸡汤,9292780658,我不是逃离冬眠,https://gss0.bdstatic.com/6LZ1dD3d1sgCo2Kml5_Y_D3/sys/portrait/item/tb.1.a98e27c3.-5Eq3hCS9VgVCweIcq89LQ?t=1731821975,【🍬】【好文分享】被骗,（俄）米哈伊尔·扎多尔诺夫 没有一辆出租车肯停下来，我都快冻僵了。我甚至想，要是有车快点儿把我送回家的话，我愿意付两倍的车钱。突然，有一辆空车像从地下冒出来似的停在了我面前。我扑了过去，还没等我说要付钱，司机就从车里出来了。他打开车门后对我说：“请上车吧！您冻坏了吧？” “什么？”我没明白，身子甚至不自主地向后闪了一下。 “我说您快上车吧，”他微微一笑说，“我把暖风打开，要是不管用，我再给您一条毯子，,20,6,2024-11-28 15:33:20
天堂鸡汤,9111762235,陌上轻尘风无痕,https://gss0.bdstatic.com/6LZ1dD3d1sgCo2Kml5_Y_D3/sys/portrait/item/tb.1.8c8e1931.Bqe1mEX9cWQ9noxO34Sktg?t=1727827792,糖吧的朋友们 可以试一下这个吗,为了避免开盒 建议只使用贴吧的发语音的功能 留下自己想听的歌和想说的话 ,5808,2916,2024-07-31 23:03:31
天堂鸡汤,8608527431,匿名548524,https://gss0.bdstatic.com/6LZ1dD3d1sgCo2Kml5_Y_D3/sys/portrait/item/tb.1.a64f0175.O0eBadJFpzPylSX0KZR1XQ?t=1723426352,这个吧有水楼吗？,nan,214,3067,2023-09-19 15:49:23
天堂鸡汤,8932694317,,https://gss0.bdstatic.com/6LZ1dD3d1sgCo2Kml5_Y_D3/sys/portrait/item/tb.1.248dc355.3Mew0E01W6CWViFhPtQMOg?t=1723401569,记录贴 普通女大的日常生活,我是个表达欲和分享欲爆棚的人 很喜欢糖吧的氛围 主要会分享一些开心的学习和恋爱生活日常（偶尔可能也会有一些有感而发的碎碎念）希望大家看了也都开心~o(〃'▽'〃)o ,240,161,2024-03-13 09:36:34
天堂鸡汤,8090519523,熙时T,https://gss0.bdstatic.com/6LZ1dD3d1sgCo2Kml5_Y_D3/sys/portrait/item/tb.1.49bf2fe3.LmobQE3cZmM6BtvqDael2A?t=1660319796,记录下我的生活吧,远渡重洋来到这，一周课不算多，20个小时课时，加上每天自学时间，差不多40个小时。9点到17点，一周四天。今天是周五，去了趟镇上买了一周的食物，平时上课，早上就吃点面包和牛奶，中餐是14点溜出来吃个3.99磅的meal deal（挺丰富的，一个大的三明治，一瓶饮料，一份小吃）晚上不想做就吃个巧克力喝点牛奶。周末就会自己做点火锅或者焖锅改善一下生活。这个周末本来想去利物浦和曼城，但下周二有个debate，周末还有个essay和journal ，虽然比较,2107,672,2022-10-15 05:11:15
天堂鸡汤,9239295657,ylxdrxx,https://gss0.bdstatic.com/6LZ1dD3d1sgCo2Kml5_Y_D3/sys/portrait/item/tb.1.4e3dcc65.eJN3ZFc9V6ywyT3ZMZgE7g?t=1670402153,和师姐一起长大的故事,半纪实的微小说预警❕ 打闹间，就这样长大了 ,57,127,2024-10-27 12:19:11
天堂鸡汤,8193539569,开始不会取名,https://gss0.bdstatic.com/6LZ1dD3d1sgCo2Kml5_Y_D3/sys/portrait/item/tb.1.19f72796.NtrgQlXxbHNCE4STFZxQCw?t=1672051317,好喜欢鼠鼠,第一次逛吧，问8u为什么大家都自称鼠鼠，他说因为鼠鼠都在下水道，所以大家用来自嘲。但是好喜欢鼠鼠，鼠鼠也是很努力的生活啊。（附几张鼠鼠） ,2080,375,2022-12-21 20:58:51
天堂鸡汤,9285891717,loed09,https://gss0.bdstatic.com/6LZ1dD3d1sgCo2Kml5_Y_D3/sys/portrait/item/tb.1.c048a4a0.cGeXmglAQxIRLWr7j8QtIw?t=1697384763,已经丑完了丑完了,没力气打字了 ,175,121,2024-11-24 20:24:48
天堂鸡汤,8814469644,俱收并蓄_,https://gss0.bdstatic.com/6LZ1dD3d1sgCo2Kml5_Y_D3/sys/portrait/item/tb.1.aa9999aa.cXIxbUf59oaMzF_zLLIWwQ?t=1686220908,【非糖】抗癌十个月了，想着在互联网上留下点什么,【非糖慎入】 从LZ查出癌症到现在已经十个月过去了，LZ想着在互联网上留下一点痕迹，也给吧友们一些我个人的关于预防和诊治的建议。 如果吧务组觉得这个贴不适合存在于糖吧，请告知我，我会立即删除。,1083,546,2023-12-23 10:16:17
天堂鸡汤,9297488785,舒文haze,https://gss0.bdstatic.com/6LZ1dD3d1sgCo2Kml5_Y_D3/sys/portrait/item/tb.1.e9671bdf.jA6xrKSHjKujq3CMT2PJtQ?t=1685287507,深夜发发牢骚,已知明天是国考（准确来说是今天），但是鼠鼠躺在离考场上千公里的酒店里,0,10,2024-12-01 01:05:51
天堂鸡汤,9297450562,朝寝233,https://gss0.bdstatic.com/6LZ1dD3d1sgCo2Kml5_Y_D3/sys/portrait/item/tb.1.9a57c83f.kidW0MyRYMd31-5uyjyu4A?t=1715508715,被兄弟感动到了,起因是我在聊天群里开玩笑，这不是刚12月吗？我就发这种 “求群友救济，12月份到现在一顿饭都没吃，人现在也是过得越来越落魄了，真不知道以后要怎么活下去……” ,0,5,2024-12-01 00:36:48
天堂鸡汤,9296983051,飞花流水如烟,https://gss0.bdstatic.com/6LZ1dD3d1sgCo2Kml5_Y_D3/sys/portrait/item/tb.1.ca18cdd.At7FQZ1i9ouiINOWvY7FdQ?t=1730705142,一整个宇宙，换一颗红豆,nan,4,1,2024-11-30 19:05:31
天堂鸡汤,9293763143,欧拉啦的悲伤,https://gss0.bdstatic.com/6LZ1dD3d1sgCo2Kml5_Y_D3/sys/portrait/item/tb.1.edd0de23.E-RlHot1FuutdKCM-qZ2qw?t=1690263354,深夜emo回忆到了小时候,我初中衣着邋遢，一心学习，后来放学路上被打。想不明白为啥会被打，也可能就是看我好欺负而已，因为这个导致了抑郁（别问为啥会抑郁，我有想不通的就会一直想，死脑筋）。 抑郁后用老爸送我的二手手机里的搜狗搜索下载了《古兰经》，《圣经》，《金刚经》，《清心普善咒》，差不多五十多部经书。我看不懂，但我想看经书，因为这个可以塞满我的脑子，让我没空思考为什么会被打。 老师跟爸妈说我是重点高中的苗子，导致的压力更大。,2,3,2024-11-29 05:04:38
第五人格,9292436626,柠萌吐司,https://gss0.bdstatic.com/6LZ1dD3d1sgCo2Kml5_Y_D3/sys/portrait/item/tb.1.4aaabe2b.cA1HJOSPcVpa_Em30j1FJw?t=1487735200,“百分之一的星球”《第五人格》儿童孤独症公益活动暖心开启,　暖心行动，传递温暖。网易首款1V4非对称竞技手游《第五人格》儿童孤独症公益活动于今日开启。在这次活动剧情中，安妮发现了一颗星球，它被裹在厚厚的云彩里，属于一个特殊的小朋友。我们将跟随安妮，了解这位小朋友身边发生的事，并记录他的成长。完成活动任务，访客们可以获得对应的活动头像及有关奖励。 　　小小行动，关爱孤独症儿童 　　《第五人格》特邀访客们一起投身于关爱孤独症儿童的公益事业当中，访客们在捐献爱心的同,37,4,2024-11-28 11:56:30
第五人格,9279557632,柠萌吐司,https://gss0.bdstatic.com/6LZ1dD3d1sgCo2Kml5_Y_D3/sys/portrait/item/tb.1.4aaabe2b.cA1HJOSPcVpa_Em30j1FJw?t=1487735200,大快朵颐《第五人格》感恩节主题活动正式开启,感恩相遇，大快朵颐！网易首款1V4非对称竞技手游《第五人格》感恩节主题活动今日开启，全新活动奖励也已同时上线。此外，还有节日福利登录即送，火鸡大餐、丰收宴会邀你前来参加！ 　　感恩奉献，温暖相伴 　　感恩节的到来，让我们放下繁忙的生活，回想温馨的时光。值此之际，《第五人格》感恩节活动于11月21日正式开启，访客们只要完成指定活动任务即可获得丰厚奖励！为了感谢各位访客长久以来支持，《第五人格》会在活动开启时全服,37,2,2024-11-21 10:29:14
第五人格,9269732918,柠萌吐司,https://gss0.bdstatic.com/6LZ1dD3d1sgCo2Kml5_Y_D3/sys/portrait/item/tb.1.4aaabe2b.cA1HJOSPcVpa_Em30j1FJw?t=1487735200,终场狂欢 喧嚣再起《第五人格》全新剧情版本开启,　　终场演出，即将开幕！网易首款1V4非对称竞技手游《第五人格》全新剧情资料片版本已于11月14日维护后正式开启！全新剧情活动与海量奖励纷至沓来，在这场演出的背后，又有着怎样让人悲伤的故事呢？ 　　喧嚣再起，激情开幕 　　在主题活动海报中，一场豪华的演出即将上演，昔日的明星演员麦克·莫顿正站在聚光灯下接受众人的掌声，这一切都已成为永恒的过去，被“喧嚣”放入破碎的水晶球之中，在漫长的岁月中一直陪伴着他，直到终场,31,4,2024-11-15 10:22:41
第五人格,9297388912,,https://gss0.bdstatic.com/6LZ1dD3d1sgCo2Kml5_Y_D3/sys/portrait/item/tb.1.dafef41a.p9jxvxkHGsIof3cvXvOnjg?t=1730223459,抖音逆天博主,抖音一个博主不尊重事实 胡编乱造 人家原视频都发出来了 你自己不会去看一下吗 哪有什么三排霸凌 全靠自己意淫 这把六阶一排位输完完全全就是杂技演没的 首先别跟我说心理大副的问题 至少他们是在认认真真玩游戏 没演过任何人 而且他们没打到完美的点对局势的影响并不大 P1机子已经压好了 你杂技为什么不趁宿伞挂人僵直贴脸救人 如果你贴脸吃刀亮机救人 两个人往外冲 宿伞能打落地刀吗？ 虽然没人贴门 但都有道具 外面一只鸟加上没有上挂,13,32,2024-11-30 23:54:13
第五人格,9006966080,零食神馋猫小号,https://gss0.bdstatic.com/6LZ1dD3d1sgCo2Kml5_Y_D3/sys/portrait/item/tb.1.d5f046f1.ot8b1nCS3vNaTjB29jqV5Q?t=1595992595,自编监管者 纯文字,公主 外在特质 暴雪： 虚伪的雪花终会消融，露不出厚雪之下本来的容颜 公主可以在局部降下暴雪，暴雪中的公主无法被7米外的求生者看到，也不会引起同在暴雪中的求生者的心跳，但当公主接近时，风雪的声音会变小 冷语 恶言相向，必以偿还。公主可以选择击中求生者时给予“霜华”或夺取“霜华”。每个求生者最多携带1层“霜华”，公主最多携带3层。（给予和夺取都是霜华的转移而不是凭空诞生） 冷语-霜华 暴雪中，当公主身上带有1/2/3层霜,3,13,2024-05-06 21:01:41
第五人格,9294937659,,https://gss0.bdstatic.com/6LZ1dD3d1sgCo2Kml5_Y_D3/sys/portrait/item/tb.1.be0c708.t81vlwFOHtVxPX1VATdU2g?t=1720286872,这游戏感觉入门好难,刚玩三周，目前感受是这样的 1.地图难背，目前只能稳溜军工厂，教堂，医院，1693走地监管（杰克，宿伞之魂，约瑟夫等），其他地图转点挺乱，经常60s倒，喜欢跑空地，唯一能做的就是尽量不倒地下室（还记不住地窖） 2.回头遛鬼，我之前老是见板就放，见窗就翻，还看了羊羊不吃草，才知道要回头遛鬼，结果就是经常卡模反而被拉进了身位 3.赛后压力目前没见到过，基本上都是夸夸队友，或者是说谢谢监管佛，但是看到小女孩压力就很大，感觉,5,22,2024-11-29 18:10:59
第五人格,9297374856,18above,https://gss0.bdstatic.com/6LZ1dD3d1sgCo2Kml5_Y_D3/sys/portrait/item/tb.1.8e8e5ba5.31jSQUnRUPTD4wAR9EbXkw?t=1693886300,e是啥意思,为什么要发e ,1,4,2024-11-30 23:41:13
第五人格,9297319873,看山见海55,https://gss0.bdstatic.com/6LZ1dD3d1sgCo2Kml5_Y_D3/sys/portrait/item/tb.1.63d4775.YqFJ09SNN3v72fLwU-MK3Q?t=1672286971,大家觉得监管者各角色历史最强操作者是谁？,我发候选人，你们来评价，大家心里有其他候选人也可以发在评论区,342,335,2024-11-30 23:00:11
第五人格,9298056953,好学149,https://gss0.bdstatic.com/6LZ1dD3d1sgCo2Kml5_Y_D3/sys/portrait/item/tb.1.7ce206f5.NcjovYZKvxsQRP3OZiUy8g,20r出出,来个人收了，让孩子跑路。 ,2,6,2024-12-01 10:42:59
第五人格,9294738282,羽毛的洁白,https://gss0.bdstatic.com/6LZ1dD3d1sgCo2Kml5_Y_D3/sys/portrait/item/tb.1.539263ff.ukIttYhbuLFefAfRSAYBCQ?t=1618844767,lofter参与量热度排名,太过无聊于是拉了个老福特参与和浏览的表格 ,554,165,2024-11-29 16:30:30
第五人格,9298162689,幻星独纳感镐宁,https://gss0.bdstatic.com/6LZ1dD3d1sgCo2Kml5_Y_D3/sys/portrait/item/tb.1.98811808.DOcwoh2EQe4iRd7Z6Kptaw?t=1581417223,在无人注意的角落，aka和alf在隔壁获奖了,nan,0,1,2024-12-01 11:44:56
第五人格,9291335657,Monserh,https://gss0.bdstatic.com/6LZ1dD3d1sgCo2Kml5_Y_D3/sys/portrait/item/tb.1.1788e05f.M6hMlxmaXb3l2SEZMKyfvw?t=1654574004,我想问一下各位大佬 小女孩这波拉走是正常的吗机子已经99了,nan,3,4,2024-11-27 19:22:30
第五人格,9297468526,艾尔文_提洛,https://gss0.bdstatic.com/6LZ1dD3d1sgCo2Kml5_Y_D3/sys/portrait/item/tb.1.30122728.E3ZcyTLvYuXtiqrlmFqW8w?t=1723190127,各位，勘探员是在一挂队友被挂前OB好还是一挂队友被一救后OB好,我今天排位玩救人位骑士，带搏命大心脏，四人只有囚徒没有大心脏，结果囚徒被首追但差不多撑到三台，但是倒的位置有点尴尬，他倒的位置偏角落，前后两台比较近的没修的机子监管苏三都可以架一手，然后修开的三台刚好以一个四分之一圆包住了这两台机，剩余新机都在外场。然后我的队友勘探修完了机不去补第二台机子直接来OB不想让苏三挂人，第三个队友小女孩去补内场两台机中偏外的但是在中场的那台机子，而我摸内场中偏角落的但靠近,0,2,2024-12-01 00:50:00
第五人格,9289704779,天上下小雨666,https://gss0.bdstatic.com/6LZ1dD3d1sgCo2Kml5_Y_D3/sys/portrait/item/tb.1.a198e5ce.DaqHShwJ-O8wsGoV6Wz0aA?t=1678100276,不是  哥们  谁出的这个功能,网异大神打开来一看 抽取最幸运的是绿鼻涕 妈妈的想删号了 ,15,26,2024-11-26 21:46:33
第五人格,9297517204,墨清羽呐,https://gss0.bdstatic.com/6LZ1dD3d1sgCo2Kml5_Y_D3/sys/portrait/item/tb.1.e59ab257.Wptz-eWqopuSYRtmFrpY8w?t=1732689516,玩模仿者遇到特别特别无语的事了,概括为好人阴间玩法＋狼人为了赢硬跳中立说别人开挂。楼里发那几人的截图自行避雷 ,5,23,2024-12-01 01:29:34
第五人格,9287993335,名字重复辽,https://gss0.bdstatic.com/6LZ1dD3d1sgCo2Kml5_Y_D3/sys/portrait/item/tb.1.af1f560.OZVPjJ1e6cVsy5S0A7hn7w?t=1707483535,这新功能令我破如防。,nan,22,29,2024-11-26 00:02:30
第五人格,9298161694,零血枭,https://gss0.bdstatic.com/6LZ1dD3d1sgCo2Kml5_Y_D3/sys/portrait/item/tb.1.9cf2809f.mUOo2tpNoHeUzOK80OSlJw?t=1717552101,给我们喧嚣做个排行榜方便哭弱哈，懒得配图就纯手打了，,以巅峰以上排位环境为主同级别不分先后： 屠夫：t2:喧嚣，牢羊（即将削弱预计成为t3）， t3：时空（削弱预计t3.5），歌剧（削弱预计t3.5），隐士（微削强度应该保持不变综合多ban考虑上升），t3.5：雕刻（红利大王最成功的女人ban位再多一个机械骑士祭司全按预计摸到t3），女巫（三幻神大人的最后荣光一直不灭虽然在职业上有更好选择但难度以及排位强度仍然可观）， t4：使徒（多个ban位强度稍微上升），红蝶（人榜前百局乏力加引擎更新导致手,2,4,2024-12-01 11:44:15
第五人格,9298019347,绯铃度零箜,https://gss0.bdstatic.com/6LZ1dD3d1sgCo2Kml5_Y_D3/sys/portrait/item/tb.1.4dc23919.XY3m2TRTdlUyeVEPa0qsZw?t=1716534329,喧嚣到底怎么溜？,真的很崩溃……喧嚣来抓我的时候已经是二阶了，技能出不来，飞轮出不来，我有0个反制手段。有个好心前锋来帮忙ob，勉强拖了20s……,1,3,2024-12-01 10:20:39
第五人格,9293747398,关于网友的素质,https://gss0.bdstatic.com/6LZ1dD3d1sgCo2Kml5_Y_D3/sys/portrait/item/tb.1.c5c7d7c9.SBHywY6_G8QDOhOgEr0-pw?t=1730550743,挂人，模仿者避雷,我不是很懂，这一把就是我排到了中立，但是是货拉拉，我个人是输赢无所谓，我做一个中立，我想去帮好人，这不可以吗？开局一狼被验出来，场上只剩一个烟花狼，而这个烟花得知自己要被侦探厌的时候，给侦探传了个瞬爆我货拉拉我打算跟他同归于尽，哪怕他身上有炸弹，我走到寝室，吞完人被刀掉，侦探团一致决定将这个烟花狼票出去，这位小姐姐我的妈呀，真是美醉了，你骂我就算了，骂我全家是怎么个事情呢？我货拉拉不可以帮侦探团吗,904,331,2024-11-29 04:09:47
第五人格,9298157884,发生尽快发货8,https://gss0.bdstatic.com/6LZ1dD3d1sgCo2Kml5_Y_D3/sys/portrait/item/tb.1.f63c2664.lMQT66qLrxtbNtNSTz1ThA?t=1731736613,牵制喧嚣不是有手就行么,7阶随便牵制啊，低阶不会牵制在这里带节奏,0,5,2024-12-01 11:40:58
第五人格,9282564586,牛魔星球,https://gss0.bdstatic.com/6LZ1dD3d1sgCo2Kml5_Y_D3/sys/portrait/item/tb.1.6b74778b.vqZj5ppmokuUv989w_0i0Q?t=1732031382,自制了监管者“玉匠”请8U评鉴,PV：“玉商”本是租住在闪金石窟旁大别墅的神秘东方富商，当地淘金者都在挖黄金她却高价回收矿坑最深处神秘玉石。平时别人都在炼金但她却在作法，五星勘探诺顿上校曾表示意义不明，直到后来发生了矿难。几年后玉商收到欧帝斯庄园的来信：“庄园里有大量当年阁下遗留的宝玉，我发现这些似乎与你们发动的巫术有关，如果阁下愿意来参加我们的游戏我们可将所有宝玉送给阁下......”于是“玉商”拿起自己的“炽热剑”欣然前往参加游戏。 外,2,10,2024-11-22 21:21:00
第五人格,9297080084,2amoramnesia,https://gss0.bdstatic.com/6LZ1dD3d1sgCo2Kml5_Y_D3/sys/portrait/item/tb.1.414fa5b1.F6ucuAF4tsC9wXR8hbjKSg?t=1710125135,抖人这配合就是职业人类,爱丽这把杀的不慢吧，机子快呀。机子还是够的 抖人压根不给机会，你们会发现抖人执行力就是很强，今天发挥的可以说是满分，配合都打出来了 对比微博人类，天上地下的差别。 屠夫没用的，有且仅有人类白给屠夫多杀，不然正常对局就是平局。,72,30,2024-11-30 20:04:15
第五人格,9298149733,左响右澈子,https://gss0.bdstatic.com/6LZ1dD3d1sgCo2Kml5_Y_D3/sys/portrait/item/tb.1.d9b9d42.v_Rky3JF0sd-15ynz2ee3g?t=1733024039,今日讨论话题#1,大家觉得自推最良心的蓝皮是哪一个呢？ 可爱火火填楼 ,0,2,2024-12-01 11:35:52
第五人格,9275509980,潜底02,https://gss0.bdstatic.com/6LZ1dD3d1sgCo2Kml5_Y_D3/sys/portrait/item/tb.1.bda2b4f0.7QiGHq6RfqUOQAajhtBcWw?t=1726650898,烦，六阶一排位,nan,3437,525,2024-11-19 01:43:53
第五人格,9294963572,,https://gss0.bdstatic.com/6LZ1dD3d1sgCo2Kml5_Y_D3/sys/portrait/item/tb.1.b1f7b8f.ps0mWWGFFuCtkGt6z38U0A?t=1732531366,不知道各位佛系时会不会有什么规矩？,我玩穿沙，遇见园丁的话，不影响三杀的情况下，我一般都会直接佛园丁 一些人一般是自己的单推，不过我不想这个样子，玩囚徒的遇见囚徒还是暴打，我更喜欢佛我玩的角色有关系的人 像是野人和喧嚣什么的，正好喧嚣很克制野人 以及穿公益皮之类的话，我也肯定会佛，想着没钱支持，就让别人的体验好一点的想法，佛别人 然后就是打工人上班打第五，被老板发现只得被要挟的佛系 ,6,19,2024-11-29 18:27:56
第五人格,9293679927,潜底02,https://gss0.bdstatic.com/6LZ1dD3d1sgCo2Kml5_Y_D3/sys/portrait/item/tb.1.bda2b4f0.7QiGHq6RfqUOQAajhtBcWw?t=1726650898,真的很莫名其妙，秒倒是有问题，搏命倒死角没想到能挂进去有问题？大幅他们两个当时都是半血在马戏团分开走抓谁闪现打倒不是地下室？我朋友吃闪现有什么问题？,nan,4698,854,2024-11-29 01:56:40
第五人格,9297444784,刘燕成0814,https://gss0.bdstatic.com/6LZ1dD3d1sgCo2Kml5_Y_D3/sys/portrait/item/tb.1.5f942637.XVEBBQ5VdvvXJofaInKWfg?t=1635667268,排位放出喧嚣大人的话，这个阵容能争胜吗,ban掉其他大人，用法罗，大副，先知，玩具的阵容，修机位选法罗自然不用说，喧嚣的青蛙，即使首抓法罗，喧嚣也没办法在开局60秒内解决掉法罗，救人位大副同理，稳定救人位且摇表喧嚣抓不了，也没人会去守抓大副就是了，辅助位选先知是因为，先知地位确实高，给队友鸟就不说了，在自己遛鬼的时候，鸟不像是飞轮或园丁的盾，鸟是可以顺发并且提前上的，不能靠最后一颗上红球解决，所以先知起码也有抗3刀的能力，虽然这会让先知一人开2,3,4,2024-12-01 00:32:47
第五人格,9293543609,Z智障君很,https://gss0.bdstatic.com/6LZ1dD3d1sgCo2Kml5_Y_D3/sys/portrait/item/tb.1.e8e35470.MW33aA7LiDvR6M5NcKWiww?t=1732807181,喧嚣演绎之星不要指望了,先前🐑iv歌剧影响的是五阶以上的排位，现在喧嚣出来了还是不大砍放到排位里，低阶排位已经开始选喧嚣就去地下室速死送了。本身靠强度吸引不到多少真角色厨，又让人类开创了新的畸形打法，加上剧情里杂技本体的人气受影响，国际服喧嚣大人演绎之星可以抬走了。,405,140,2024-11-28 23:18:18
第五人格,9262506458,别太荒谬23,https://gss0.bdstatic.com/6LZ1dD3d1sgCo2Kml5_Y_D3/sys/portrait/item/tb.1.4bb9068f.RscbwvxK-gvZTpci2DkP3w?t=1730868031,小女孩怎么这么多男的玩啊,真的要吐了，男的不能玩那些男的角色，模仿者一听声音真的yue了🤮🤮🤮,257,70,2024-11-11 01:52:44
第五人格,9289313677,落日夕阳66666,https://gss0.bdstatic.com/6LZ1dD3d1sgCo2Kml5_Y_D3/sys/portrait/item/tb.1.87a991de.7n6nTnhyIf3NQAOnppgo-Q?t=1727153254,下赛季骑士能到这个位置吗？,单说救人能力真的是全庄园最强的吧，当然牵制能力确实也有点松弛。 相比于我副，骑士没有救人震慑的风险，套上盾队友如果有二溜能力的话就有二溜起来机会，没有双倒的风险，守尸屠直接当路边一条。 不如我副的地方：牵制能力差，就算不带搏命遇到强追击的也很难溜起来。 但是他的救人能力真的太强了 ,64,54,2024-11-26 17:39:21
第五人格,9296327592,珂赛特的云中堡,https://gss0.bdstatic.com/6LZ1dD3d1sgCo2Kml5_Y_D3/sys/portrait/item/tb.1.359053cd.DT-Qy0JmPIyuw72Nx1KQYw?t=1732510491,赛博忏悔：一不小心把弟弟的第五人格账号注销了,老弟用的是b服，和b站账号捆绑，不过b站账号是我的，毕竟一个未成年也没手机号注册账号。前几天想着把那个很久没用的b站账号注销了，结果老弟今天回家发现登不了我才发现我把他账号注销了 真的，老姐糊涂了😭😭 真不是故意的 那没办法了，发在网上赛博忏悔下，老弟还攒紫薯买小说家福尔摩斯 只能给他安排个单限定金号+黯+预定小说家福尔摩斯补偿了 那最近看老婆看多了，穷则独善其身，富则妻妾成群嘛 斯人已逝，音容苑在，牢姐我错辣,240,91,2024-11-30 12:42:47
第五人格,9292328438,晴雨交加的明天,https://gss0.bdstatic.com/6LZ1dD3d1sgCo2Kml5_Y_D3/sys/portrait/item/tb.1.122dd3be.puhLuurD0O6yTayNwx78gw?t=1732506341,看到都在反对我就放心了,牢安会赢吗 ,147,39,2024-11-28 10:55:33
第五人格,9291208430,ii结婚昏昏沉沉,https://gss0.bdstatic.com/6LZ1dD3d1sgCo2Kml5_Y_D3/sys/portrait/item/tb.1.a590b6be.lqcCXNr8gke5d3HVF_s0VQ?t=1652619197,关于游戏理解。,为什么还有人觉得鹿头不强呢？ 就算是我也直溜了49秒。 他那个钩子根本就躲不掉 我建议以后排位别搬约瑟夫和红蝶，没有用，遇上鹿头和隐士更对付不了，能不能把这两个角色搬了？ 还有隐士这个角色真的不该削弱吗？一台机子修200秒？逗我呢？ ,147,136,2024-11-27 17:26:02
第五人格,9296674657,,https://gss0.bdstatic.com/6LZ1dD3d1sgCo2Kml5_Y_D3/sys/portrait/item/tb.1.95d97748.WMscSCfPpfX6g0F58vKK-w?t=1729954931,第五人格监管者“杰克”加强方案,通缉令:“杰克” 调整方案 1，移除雾隐效果 2，移除雾刃效果 3，全新机制添加“黑雾”替换雾隐效果，杰克对局内会出现阻碍视野的黑雾，限制所有玩家视野距离 4，全新机制添加“悲鸣”替换雾刃效果，杰克获得主动技能悲鸣，所有玩家将会听到死于杰克手上无辜受害者的悲鸣作为提示，随后杰克将进入完全不可视状态，所有人类玩家无法看到杰克的模型，且杰克进入悲鸣状态时不会出现红光，但悲鸣状态下的杰克不能攻击，再次使用悲鸣会结束,10,12,2024-11-30 16:09:59
第五人格,9284128422,落日夕阳66666,https://gss0.bdstatic.com/6LZ1dD3d1sgCo2Kml5_Y_D3/sys/portrait/item/tb.1.87a991de.7n6nTnhyIf3NQAOnppgo-Q?t=1727153254,我发第五人格所有联动皮肤，你来打分,5分：神中神，不玩都要买 4分：高质量 3分：及格水平 2分：质量不行 1分：丑且敷衍 0分：白送都不要 ,3019,1397,2024-11-23 18:59:53
第五人格,9289894623,永远是幻想时间,https://gss0.bdstatic.com/6LZ1dD3d1sgCo2Kml5_Y_D3/sys/portrait/item/tb.1.5742f2e6.OMlsVpl6o4ebgcW0aNpMsg?t=1715612076,自制角色：忍者,求生者：忍者 定位：救援位 辅助位 外在特质： 忍术—刃（初始/上限：3/3 充能时间：60秒）： 忍者挥动忍之刃并进入“狩魔”状态，持续15秒，期间可以发动三次“狩魔”，手持物无法更换 狩魔： 进入第一人称视角，期间只能移动且移动速度提高30%，点击手持物可以发射忍之刃锁定攻击视野内10米内所有监管者和求生者，总共发动3次攻击 前两次攻击可以击晕监管者0.5秒并给命中的非健康状态求生者（包括倒地的求生者）增加3 m5%治疗进度，第三次,3,7,2024-11-27 00:13:04
第五人格,9265332430,时间行者1号,https://gss0.bdstatic.com/6LZ1dD3d1sgCo2Kml5_Y_D3/sys/portrait/item/tb.1.2880871b.mPBdaIKntRLNvXQjhG0B0Q?t=1722762084,我发角色，你来为ta的人品打分,rt，我发游戏里已实装的角色，你根据PV/推演/生日信等为此角色人品打分 0，纯纯的带恶人，坏透了，兼职部诗人 1，坏批，或许仅存一丝良心 2，阴险，baby小人，但是没到纯黑的地步 3，中规中矩，就有心眼的普通人 4，大好人，拥有较为高尚的品德 5，神中神，超级带善人，道德标兵 ,4428,1898,2024-11-12 18:36:00
第五人格,9297147698,七七乖乖的僵尸,https://gss0.bdstatic.com/6LZ1dD3d1sgCo2Kml5_Y_D3/sys/portrait/item/tb.1.74e187f1.DUFxT1DQMgRzpwUZ_ADSSg?t=1719927581,终于打上去了,历经千辛万苦这赛季成果第一次双巅峰了，楼主技术一般只能玩点简单的角色，大🔥有什么问题可以问，都会回。 ,12,64,2024-11-30 20:57:43
第五人格,9021100429,一许言难尽,https://gss0.bdstatic.com/6LZ1dD3d1sgCo2Kml5_Y_D3/sys/portrait/item/tb.1.e3b39a2d.lZG84Amq23murQZa7kKp9A?t=1718293431,一个评价两极分化严重的皮肤?,理性评价一下克罗托Lisa姐 ,531,172,2024-05-18 13:28:31
第五人格,9284372062,沙雕文刀,https://gss0.bdstatic.com/6LZ1dD3d1sgCo2Kml5_Y_D3/sys/portrait/item/tb.1.f5374d20.lC3-HXe_GJTk6seKxaZe4A?t=1718426499,最近怎么不让叫马孩了,一开始我还以为只有测没抵触这玩意，到后面发现不止是微博就连偏低龄的小红书也开始说马孩是黑称了。我22年玩的时候大家都是一口一个马孩连孩厨也叫得很开心，现在咋说了这俩字就犯法要被拷打了 ,1298,254,2024-11-23 22:11:15
第五人格,9297196638,,https://gss0.bdstatic.com/6LZ1dD3d1sgCo2Kml5_Y_D3/sys/portrait/item/tb.1.a9d8cd7b.vE2OGf_yqRKIbhSLwpMNvA,这版本哪里不平衡了，这版本可太棒了👏,一个普通求生者阵营玩家打排位越打越觉得心累💔，有的时候就算队伍没伪人没失误面对那些大人，还是被多抓的命，以至于我现在看到红蝶🦋都觉得眉清目秀。感觉我这种单排救人位像是给屠夫玩家尽孝的，送分还送车。密码的这鸟排位谁爱打谁打麻烦下次卧谈会屠夫玩家可以问一下ch为什么战绩老变黄☝️🤓一定是因为我太有手法太有操作了吧，点一点技能就可以控场、防ob、打拦截、卡过半、拒绝博弈拿刀，喜欢我张狂移形大电狗开局连电⚡,25,14,2024-11-30 21:35:18
第五人格,9227159142,Spark20040212,https://gss0.bdstatic.com/6LZ1dD3d1sgCo2Kml5_Y_D3/sys/portrait/item/tb.1.5775ec81.E7iIVeOKj5DrjsdkiUGmyw?t=1695925967,破防了，号被毁了,起因是这样的，国庆节末的时候我在自定义看房间名，然后看到一个房间叫萌新求指导，我就寻思匹配打着没多大意义就进去看看，然后是一个双一阶三，我还问了一句是不是小号，她说不是，我说好那我可以教你，然后她说她喜欢渔女，我就开自定义房间告诉她渔女该怎么围叉，后面我说你有什么可以加我微信好友，之后的10几天，我们一般在微信上聊，她说她是6年级，楼主是大学生一般每天晚上下课会陪她玩，这10几天期间带她一起练了玩具商点,836,287,2024-10-19 12:15:43
第五人格,9270038515,夏沫的泡,https://gss0.bdstatic.com/6LZ1dD3d1sgCo2Kml5_Y_D3/sys/portrait/item/tb.1.82d36366.os73W99Lh7c9zGWtBtPIBQ?t=1720805320,该不该救二阶厂长的人,真心想问。有意见我可以改。 我玩的先知。朋友记者遛了60s倒了。杂技一救无伤了，朋友拖到三台机开了二次上挂。我发别救保平，因为他没有娃了。杂技非要去救。我就和他一起，我在厂长这引走了一个木炭，他趁机救下来了，但是两个都人都死了。（记者被厂长打死，杂技被儿子打死了）。记者飞后杂技被挂到我遗产。赛后杂技怪我不给他鸟也不去修机。 ,2,16,2024-11-15 13:34:06
第五人格,9297462578,八九不是七十二,https://gss0.bdstatic.com/6LZ1dD3d1sgCo2Kml5_Y_D3/sys/portrait/item/tb.1.dbe378f4.jXVmMMuyDfo1Fp8-LTScxw?t=1716548198,只能留一张,rt，哪张好一点 ,5,25,2024-12-01 00:45:42
第五人格,9297453950,牛魔星球,https://gss0.bdstatic.com/6LZ1dD3d1sgCo2Kml5_Y_D3/sys/portrait/item/tb.1.6b74778b.vqZj5ppmokuUv989w_0i0Q?t=1732031382,自制求生者“小号手”请各位评鉴,PV：小号手叨栗是“欧内之手”乐队的，叨栗很有才能，但因为叨栗总是在乐队中神叨叨地提一些阴间的令人不寒而栗的歌词，所以叨栗被队友们整蛊忽悠到了庄园，朋友胡闹般地提出要其在经常闹鬼的庄园里完成演出就让叨栗当乐队长，但他的队友们不知道这玩笑要翻车了。 求生定位：修机，辅助 人物特质： 小号手：（主动技无cd使用耗耐久1.5%/s） 随身物品小号用完掏出唢呐不能拿其他道具，叨栗可以在密码机5m内隔空吹小号破译（记录员无效动,2,3,2024-12-01 00:39:20
第五人格,9298131069,南月梦丷,https://gss0.bdstatic.com/6LZ1dD3d1sgCo2Kml5_Y_D3/sys/portrait/item/tb.1.10558b6c.729loFkV1Ph5vg-EATCcYw?t=1714412546,四排一定要开麦吗？,我对象和我说第五人格四排要开麦交流，我不玩第五，所以我来问问广大的第五玩家,1,2,2024-12-01 11:24:08
第五人格,9298001889,若会笑,https://gss0.bdstatic.com/6LZ1dD3d1sgCo2Kml5_Y_D3/sys/portrait/item/tb.1.e864232f.ia9_QROTckwFOjtk6X6OWw?t=1704134106,有没有人像我一样从来不玩模仿者的？,最近这个模式真是大火，然而楼主只是在刚更新有活动的时候打过几次，之后就没玩过了。,1,2,2024-12-01 10:10:45
第五人格,9292604534,mzcsdhrrr,https://gss0.bdstatic.com/6LZ1dD3d1sgCo2Kml5_Y_D3/sys/portrait/item/tb.1.9d7a7114.lX8sSTXehWwuJmtMPMEn8A?t=1728778472,不是哥们喧嚣怎么进排位了,这玩意怎么溜啊，人皇步躲不了拉点拉不开 一中午被打爆了,24,25,2024-11-28 13:53:26
第五人格,9297966680,孙安安bread,https://gss0.bdstatic.com/6LZ1dD3d1sgCo2Kml5_Y_D3/sys/portrait/item/tb.1.bb64e171.uuP5vqJxsckysHXEximx9w?t=1643906650,一人说两个模仿者最喜欢玩的和最不喜欢玩的,rt，一人说两个模仿者中最喜欢拿到的牌和最不喜欢拿到的牌，看看有没有小伙伴会找到和自己四个完全匹配的伙伴也看看大家都偏向于什么打法～ 我先来。 最喜欢的：1.拳击手 最稀罕的必然是拳击手哈，就喜欢那种狼或者送货靠过来然后锻炼我手速的时刻每次拿拳击手带走一匹狼真的感觉是很刺激，虽然一起牺牲了，但是比我当治安官和猎人杀狼获得的价值感都要多。还有就是拳击手是唯一一个带刀中克神偷的，只要听到隐身音效或者确定了在餐,5,29,2024-12-01 09:50:46
第五人格,9292386300,山樱草_,https://gss0.bdstatic.com/6LZ1dD3d1sgCo2Kml5_Y_D3/sys/portrait/item/tb.1.72d1aa36.ASvAXfQAXxNuti1NygZ84g?t=1550558413,🤡挂人，被长夜心理皮肤狂欢模式刻板印象了服了,🤡挂人，被长夜心理皮肤狂欢模式刻板印象了服了 ,4,12,2024-11-28 11:27:51
原神内鬼,9297525430,荒谬蝴蝶,https://gss0.bdstatic.com/6LZ1dD3d1sgCo2Kml5_Y_D3/sys/portrait/item/tb.1.95d86cea.ph8E-DxOsS2L2vH9tYma6g?t=1731322860,随便吹水一下这次库腾股权变更的事情不犯法吧,其实我觉得站市场上，这是个三赢的操作。真金白银，股民几万几十万投票的时候，不会骗你。股吧股东普遍的态度，就是英雄互娱的写照。 口水就是一个亏本到没救的项目，并且会持续亏本下去。 那为什么这是个三赢的操作？最多只有库洛脱手了垃圾口水赢了呀。 我先来说企鹅为什么赢了，企鹅在这里终于彻底的拥有了口水。而口水的真正意义上可以成为沪圈甚至完美和网易买量的抽血器了。盒厂最失败的战略操作，就是从开发导向游戏转向买量,617,81,2024-12-01 01:37:02
原神内鬼,9290676068,home欧阳蓝蓝,https://gss0.bdstatic.com/6LZ1dD3d1sgCo2Kml5_Y_D3/sys/portrait/item/tb.1.c1414cfa.oE0EXzvObHbSmVT8turBSA?t=1724647712,关于李行亮和麦琳,这个节目真的是，我觉得可以定一个18禁。你就活脱脱的看着一个人受刑，看着他被折磨，看他绝望痛苦，看他一点一点死掉。你没有办法救他，他也知道自己死定了，所有人都同时跟他在一起受刑，感受这个缓慢死亡的过程。这个震撼程度，跟直播s人也大差不差了。从李行亮身上看到很多上一代中老年男人的影子，可怜，可悲。“受刑”这个词太精准了，而且被折磨到死，还得不到一个好名声，外人可能还觉得他们很幸福，他们的伴侣很辛苦很劳累,4225,379,2024-11-27 12:21:44
原神内鬼,9298158381,歌哭水声山色,https://gss0.bdstatic.com/6LZ1dD3d1sgCo2Kml5_Y_D3/sys/portrait/item/tb.1.7e8577d9.oaLeoY9e1IDyv3fpMo0RWA?t=1732850350,吧里最近1999帖子有点多啊,作为开服持式可一年多的牢玩家 我将在这里为吧友答疑 哦对了，几个月前手臂吧我也发了贴进行分析 请各位吧友助我增长经验,1,18,2024-12-01 11:41:24
原神内鬼,9297275027,p紫墨q,https://gss0.bdstatic.com/6LZ1dD3d1sgCo2Kml5_Y_D3/sys/portrait/item/tb.1.f34573a4.5jX2gYyXeuI0PctO-VKRjw?t=1727875075,有没有mc的调查员,潮u的“老婆们”说了爱你吗？ ,40,28,2024-11-30 22:34:17
原神内鬼,9297404357,蓝泉sea,https://gss0.bdstatic.com/6LZ1dD3d1sgCo2Kml5_Y_D3/sys/portrait/item/tb.1.d6d842e8.iVbjDvjL_zN7xCB5HFAz_Q?t=1614086485,这人直播态度什么情况？,是什么很吊的制作人吗？ ,379,77,2024-12-01 00:05:43
原神内鬼,9298109047,豖咲仙露,https://gss0.bdstatic.com/6LZ1dD3d1sgCo2Kml5_Y_D3/sys/portrait/item/tb.1.38277d7e.7pWznpTf_mhGc66CStDhyg?t=1726549898,各位，怎么说?,略略略 ,4,10,2024-12-01 11:11:46
原神内鬼,9295920228,暂别为相遇,https://gss0.bdstatic.com/6LZ1dD3d1sgCo2Kml5_Y_D3/sys/portrait/item/tb.1.efb81fc6.5HHIqLNbanDui9tL7KzywA?t=1730508393,【复盘向】op反应过来了，但我已经准备好今后两千次节奏的犯罪了,【ps】：我觉得这个可以截图到op评论区，派蒙认证哦😤 可以截图到今后任何的混厕节奏评论区🤣😤 . 【首先】 op或者混厕孝子反应过来也不用急，因为他们反应过来也是输。 而且是大输特输，派蒙给他的黑称就彻底坐实了 他们正反都是输，东南西北往哪走都是输。 只要他还处于身份zz这层，他的输就是必然的。 . 【为什么？】 因为结合身份zz+怀疑主义， 吧友你又怎么知道我们去冲了？ 我问你你现在能拿出来我们去冲的确凿证据吗 就算你能拿出,39,32,2024-11-30 08:36:28
原神内鬼,9297959860,一只折耳兔i,https://gss0.bdstatic.com/6LZ1dD3d1sgCo2Kml5_Y_D3/sys/portrait/item/tb.1.e4544957.noatBYq9zr3Wgg2Dsbq80Q?t=1550228096,md我直接笑了这游戏,俩男的，然后四个波刚，是的纯真波刚 这就是这游戏的ch 看来这游戏确实不欢迎男生，这四位摆在这，能来玩的龟中龟了 ,169,50,2024-12-01 09:46:37
原神内鬼,9298181683,,https://gss0.bdstatic.com/6LZ1dD3d1sgCo2Kml5_Y_D3/sys/portrait/item/tb.1.fee9772e.n7I8blFKhniPVkihdEkNDQ?t=1726101842,诶?这牌子咋黄了？,nan,0,0,2024-12-01 11:56:26
原神内鬼,9298172779,a和领,https://gss0.bdstatic.com/6LZ1dD3d1sgCo2Kml5_Y_D3/sys/portrait/item/tb.1.f9560e4f.Ksf6hE0z9lLcvXQ5YfCmkw?t=1460780077,暖暖简直就是一个黄油大世界,暖暖简直就是一个黄油大世界💕 ❤️想要清楚可人有白丝萝莉裙❤️ 💙想要诱惑魅力有黑丝漏沟💙 💗要我说，你们暖暖玩家吃的也太好了吧💘 🎁今天我已经垂直入坑了🎉 ,9,9,2024-12-01 11:51:17
原神内鬼,9295661637,明神宗1587,https://gss0.bdstatic.com/6LZ1dD3d1sgCo2Kml5_Y_D3/sys/portrait/item/tb.1.6f9c3c1c.cS5k8aqgpWa1wFdD0yJ4jg?t=1722762208,老“二次元”的原罪——论制作组的阴湿想法如何登堂入室,4k字长文，为防止偷畜盗窃，以图片形式发。,632,179,2024-11-30 03:49:15
原神内鬼,9297844939,啊啊啊啊啊感情,https://gss0.bdstatic.com/6LZ1dD3d1sgCo2Kml5_Y_D3/sys/portrait/item/tb.1.de533c1.5coA4eD3NPxFnahQCTl95A?t=1709780528,水帖………,xdm，今天国考，我还有半个小时就进考场了，能祝我顺利吗 ,213,143,2024-12-01 08:20:46
原神内鬼,9298152452,怠惰的学生,https://gss0.bdstatic.com/6LZ1dD3d1sgCo2Kml5_Y_D3/sys/portrait/item/tb.1.938c8833.O3Ek062gwZHh-fYrkNd0Dg?t=1672244636,吧友有爱看短剧的吗,我不太理解 ,2,10,2024-12-01 11:37:26
原神内鬼,9297114436,jgnfngjgjgjvnc,https://gss0.bdstatic.com/6LZ1dD3d1sgCo2Kml5_Y_D3/sys/portrait/item/tb.1.1147aaaa.QNNJ1_WPS7mvtsD194Wtpg?t=1717041306,这个福利感觉跟在吹牛一样,皮肤的话不好说，指挥官的模型总觉得不对 ,136,73,2024-11-30 20:27:53
原神内鬼,9298062593,明月清风照汉川,https://gss0.bdstatic.com/6LZ1dD3d1sgCo2Kml5_Y_D3/sys/portrait/item/tb.1.958b9a4f.z71qGPPu5E0DDXi2dkvg_A,看来大家对蝗虫画饼的能力没什么概念啊,来点超级小翀的究极大饼，15年就说做好了中文配音，九年了到国服关服了都没实装 ,59,46,2024-12-01 10:46:05
原神内鬼,9298177568,JOKER7913,https://gss0.bdstatic.com/6LZ1dD3d1sgCo2Kml5_Y_D3/sys/portrait/item/tb.1.6e54b588.5JRX8Q-ogCkfew24B0BGdg,二游社区战争是宗教战争,之前唯一讲述者被xz团建的时候q群聊天，就调侃说他不该用公关角度思考，该从宗教角度来思考，然后去看了看《圣经》发现点有意思的事,1,2,2024-12-01 11:54:03
原神内鬼,9297065042,smfhj5,https://gss0.bdstatic.com/6LZ1dD3d1sgCo2Kml5_Y_D3/sys/portrait/item/tb.1.f60ff86.TGWBJET_TBaSTZrsXdnAtg?t=1731435776,4年的挚友被米家搞魔怔了,鼠鼠跟这人玩4年了，各项爱好也都挺吻合，一起打apex，但自从接触崩铁后就变了，他开始看看肝米家游戏，上学的时候让我帮他搞，鉴于友情，鼠鼠就帮他了，可后面越来越魔怔了，zzz出了以后，他就无脑吹，可这不就是一坨吗，鼠鼠苦苦劝导没用，请吧友们支招 ,546,246,2024-11-30 19:55:29
原神内鬼,9296948637,,https://gss0.bdstatic.com/6LZ1dD3d1sgCo2Kml5_Y_D3/sys/portrait/item/tb.1.e0189a2a.H6y1A1yC4W-eqhJA1wiM5w?t=1719491929,给川吉米的犯罪预告,今晚直播我一共组织了四组人马 第一组伪装成95厨要求重置95剧情刷屏 第二组伪装成川吉米维护直播氛围，在直播中用“01、插不进去、肴肴凌、尘友谅”刷屏 第三组伪装成插友刷屏“雷蒙夫人、德尔夫人、耐耗王” 第四组负责将预告贴广而告之。 ,155,66,2024-11-30 18:44:44
原神内鬼,9297766144,asdaassdd水瓶,https://gss0.bdstatic.com/6LZ1dD3d1sgCo2Kml5_Y_D3/sys/portrait/item/tb.1.aacd894d.caI3i93VHDMeb7G1Rsk8ow?t=1721846613,群里看到的,吧友们见多识广，给他解解惑，充的钱都去哪了 ,106,29,2024-12-01 06:53:53
原神内鬼,9296267891,idlegame,https://gss0.bdstatic.com/6LZ1dD3d1sgCo2Kml5_Y_D3/sys/portrait/item/tb.1.7e66f7ca.yq14I2BzYpCRM5lbNZ0Q8A?t=1716503028,谈谈彩六吧的炎上，和二游无关, 总体来说是个搞笑的事件 一、起因（万恶之源） 吧主被封禁后换了一个封禁头像，但原因不是开了，是游戏封禁机制不合理。 相当于气笑了换了个头像，这个帖子明显是带节奏+抗议的意思。 二、发展 吧主也是不嫌事大，或者是觉得头像确实不雅观，就搞了一个投票贴。 一方面，游戏越做越烂，退坑的人多，取消关注贴吧的人少。 这就导致了看起来关注人数多，但活跃度很低。 另一方面，活跃着的吧友也是不嫌事大，喜欢放鬼图 最后就导致一个m,10,16,2024-11-30 12:00:56
原神内鬼,9298177958,幻想乡文学家,https://gss0.bdstatic.com/6LZ1dD3d1sgCo2Kml5_Y_D3/sys/portrait/item/tb.1.aa2273b6.5n7ZqFDxndCFQKRALXwYNA?t=1712987464,集美新业态之全女沙滩,想想就…呃… ,0,1,2024-12-01 11:54:16
原神内鬼,9298180598,炎乄魔,https://gss0.bdstatic.com/6LZ1dD3d1sgCo2Kml5_Y_D3/sys/portrait/item/tb.1.a1f6b537.tf45ijXu5i6LKPjguXkTdg?t=1720586519,孩子你无敌了,nan,0,0,2024-12-01 11:55:46
原神内鬼,9297944109,zxc745926241,https://gss0.bdstatic.com/6LZ1dD3d1sgCo2Kml5_Y_D3/sys/portrait/item/tb.1.528422c0.q3SnjzBx7Jwkzqo8TOwxFw?t=1729035678,突然发现我们好像漏了一个群体...,这个群体平时不会轻易露头，却在无时不刻的渗透和瓦解我们的社区...所以各位以后脚刹厕妹的时候，不要忘了这个群体 ,95,26,2024-12-01 09:37:33
原神内鬼,9297249388,安荷狂吃番茄,https://gss0.bdstatic.com/6LZ1dD3d1sgCo2Kml5_Y_D3/sys/portrait/item/tb.1.b4293604.RCHXPGcEJV_6LAD6nhxffA?t=1713776537,唉，事到如今，我不知道说这些还有没有用,但是希望双友自己支棱一下吧 本来在鬼吧看到相关帖子，还感觉 吧友骂的是不是太夸张了 但是我上网去了解了一下黑桃在女人身上的意思 才发现这东西是越明显越挑衅 几乎是全网公知的东西 唉 我不知道库洛是怎么想的 反正这段时间对于kl玩家而言，乱七八糟的事情也挺多吧 但还是希望还在玩的战双玩家，多多反馈一下这个个问题 别让外人看了笑话 不管怎么说，角色都是底线 只有自己先把屁股擦干净，别人才不会说三道四 唉，无奈了 ,479,145,2024-11-30 22:19:53
原神内鬼,9297736393,冫空韛,https://gss0.bdstatic.com/6LZ1dD3d1sgCo2Kml5_Y_D3/sys/portrait/item/tb.1.c9661f3b.87FHFTevzgEUC695ztkUBQ?t=1479829839,好好好，好啊,还是积分兑换和碎片抽的不够多。 ,38,44,2024-12-01 06:13:16
原神内鬼,9195055751,虹桥光雨,https://gss0.bdstatic.com/6LZ1dD3d1sgCo2Kml5_Y_D3/sys/portrait/item/tb.1.7a62a380.cg2oPgI28PGR4ctWPQs1xw?t=1731245769,原神内鬼吧官方水楼,考虑到吧友升级水贴的实际需求。为了维护版面整洁，现重新开设原神内鬼吧官方水楼，其他水贴会被删除 ,2115,33945,2024-09-28 12:58:08
原神内鬼,9293063648,我的亚索人能敌,https://gss0.bdstatic.com/6LZ1dD3d1sgCo2Kml5_Y_D3/sys/portrait/item/tb.1.64c8b043.fe7voodA0uehZ7t2BqNCRw?t=1719876524,还好没玩绝区零,福报来了 ,2959,371,2024-11-28 17:55:15
原神内鬼,9297883963,长安一梦712,https://gss0.bdstatic.com/6LZ1dD3d1sgCo2Kml5_Y_D3/sys/portrait/item/tb.1.d000d5e.2Z6CzAJHu5KlBXlpoxPfRg?t=1700122717,也就这出息,rt，打击感强烈，但我只是复述NGA的名言罢了 ,23,11,2024-12-01 08:57:45
原神内鬼,9296966218,半度若水,https://gss0.bdstatic.com/6LZ1dD3d1sgCo2Kml5_Y_D3/sys/portrait/item/tb.1.1d14e0a2.jXS9cIsZIs5BC889gOlbMQ?t=1718625875,这游戏好玩吗？看steam上好评特别多，想买来玩玩, ,35,64,2024-11-30 18:55:32
原神内鬼,9298154070,天猫1336,https://gss0.bdstatic.com/6LZ1dD3d1sgCo2Kml5_Y_D3/sys/portrait/item/tb.1.84e069f8.yKwQV3UWhEBlTLuLVcvkdQ?t=1717852866,二次元游戏并不完全等于二次元：泛二次元概念辨析,很多吧友最近都开始对二次元的底色以及二次元游戏展开反思和解构了，我认为这是好的，无论结果对不对，至少方向没问题。 然而，大部分这样的积极尝试都把精力花在了一些无用功上。这句话怎么说？就是把精力花在讲述一些错误的模糊的模棱两可的概念上。陷入了语言学游戏中。这里我就对一些概念做最简单的辨析，免得生出多余的歧义： 需要说明的是，有这么几个辨析原则 1.流变性。二次元的诸多概念在时间长河中都发生了数次改变，我也,1,5,2024-12-01 11:38:27
原神内鬼,9294473312,n839166,https://gss0.bdstatic.com/6LZ1dD3d1sgCo2Kml5_Y_D3/sys/portrait/item/tb.1.e66eba6d.W10-sR0j26tGCH-dyqOVUQ,无限大，异环，蓝原,合并到一起说，我不锐评任何东西，单纯聊点现实。 --- 这三个其实都要吃一波aoe伤害，就是傻子不够用了，或者说龟龟不够用了，或者说烈度加剧的问题。这三个问题本质上一样。 - 二次元手游这个赛道，我直接一点来讲，就是贩卖梦的，卖yy角色的赛道。 不管是什么二次元手游，都这样。 哪怕是火影，大部分受众也是看过火影的玩家，与之对应得海贼王就没辣么好；当然他们组还有个一人之下，成绩还需要再等等。 以前龟龟多，整点二创就凑合,1066,168,2024-11-29 14:18:30
原神内鬼,9298121001,赛恩斯贝罗,https://gss0.bdstatic.com/6LZ1dD3d1sgCo2Kml5_Y_D3/sys/portrait/item/tb.1.f65b941e.sHS9WoTxUKv4ki_Nom0TZw?t=1731135486,听说你吧黄牌都是玩原神玩的，黑子们快助力我启动！😡,nan,7,21,2024-12-01 11:18:23
原神内鬼,9297612199,shine554P,https://gss0.bdstatic.com/6LZ1dD3d1sgCo2Kml5_Y_D3/sys/portrait/item/tb.1.7bff8a68.kxemCybLtTidI9M3wWfQuA?t=1640701894,来唱衰下腾讯大太子,省流：有男不玩 有人可能会这话不是用在二游上的吗？怎么能对“一般向”游戏使用呢？ 首先我们要明确鬼吧说的一般向指的是什么游戏，一：IP游戏（火影，洛克王国，P5X，废墟脑叶，边狱爆了后有画面估计免喷不了） 二：玩法主导游戏（王者，LOL，我的世界，火影等） 而王世杰一般向吗？ 对于一，光靠王者IP的遗老怕不是成本都不够覆盖（希望腾讯脑子能明白王者价值≠王者IP价值） 对于二，持续运营，开放大世界，想要玩法上有突破，难度不,23,14,2024-12-01 03:06:30
原神内鬼,9297671024,小天翔666,https://gss0.bdstatic.com/6LZ1dD3d1sgCo2Kml5_Y_D3/sys/portrait/item/tb.1.7f139e2e.6CyEwxu3VJruH_-QqpCi6g?t=1694102006,王者里的元流之子性别是不能切换的，那世界里会有性别切换功能吗?,感觉这一点还真是个问题，不过既然是要走mmo那条道路性别切换应该是要标配吧? ,4,5,2024-12-01 04:28:19
原神内鬼,9298158175,,https://gss0.bdstatic.com/6LZ1dD3d1sgCo2Kml5_Y_D3/sys/portrait/item/tb.1.36970d1.-npg7SNNohs27YBBPm2Inw?t=1727324887,集美与B站, ,0,6,2024-12-01 11:41:14
原神内鬼,9298167862,一一一一体育,https://gss0.bdstatic.com/6LZ1dD3d1sgCo2Kml5_Y_D3/sys/portrait/item/tb.1.d5bfad59.63DvUTs5wyhj0zJg3YXMQQ?t=1712653520,kxz为了他爹kl也是洗上tx了,"公关的几大手段:请客，斩首，收下当狗。库洛现在被腾讯51%控股妥妥忠犬一个，kxz为了证明他爹库洛未来可期直接怒洗腾讯😭""有本事别用微信QQ""""腾讯相比很多厂家还算良心的"" 唉，狗的主人认了主，怎么狗也跟着认了个大主人，像禁漫里的绿怒本",0,3,2024-12-01 11:48:02
原神内鬼,9296034424,yhl455645,https://gss0.bdstatic.com/6LZ1dD3d1sgCo2Kml5_Y_D3/sys/portrait/item/tb.1.af9d8bd.qkdfnQ2g6KdJf6q03SyQCQ?t=1719296182,ml游戏推荐,影之实力者手游，游戏已经出了两年了，剧情比动漫的多，作者都专职写手游剧情了，吧里没有吧友玩吗？ ,117,101,2024-11-30 09:55:03
原神内鬼,9298159193,篙晤台卫,https://gss0.bdstatic.com/6LZ1dD3d1sgCo2Kml5_Y_D3/sys/portrait/item/tb.1.4588fa26.FQM1UQYMvPyW0p-AE5hXWA?t=1648383184,12月了，今年总体二游市场如何？,是衰退了，还是发展了 。 原鸣原镇楼 另外某个三月放出pv的游戏你倒是说句话啊 不会是pv诈骗吧 ,3,5,2024-12-01 11:42:03
原神内鬼,9297927439,幻昼的雪国,https://gss0.bdstatic.com/6LZ1dD3d1sgCo2Kml5_Y_D3/sys/portrait/item/tb.1.481bcd2f.E5jtgT8NU_kVySKDAvKe8Q?t=1727289431,川吉米笑话之我不看建模,川吉米：尘白的技术要多向我们老后2看齐啊 “那老后2角色建模面数怎么没有尘白💍多？” 川吉米：我不看建模 “技术有所突破”，“我不看建模”，🤣👉 川吉米的🧠回路都是这样的吗 ,208,80,2024-12-01 09:27:35
原神内鬼,9297672545,,https://gss0.bdstatic.com/6LZ1dD3d1sgCo2Kml5_Y_D3/sys/portrait/item/tb.1.afc28bd7.Q5emOWnrjTXBjQOsRpPgMQ,我猜测 二游大逃杀正式开局了,今天，啊不对 昨天的瓜已经有趣到了让我感觉之前都是这场大逃杀的序幕，这才是真正的开始 口水，你让企鹅自己做他还真不一定舍得烧这个钱，但是你让企鹅打折买，它是真会买 这玩意就是教科书级别的消耗品 企鹅干过啥教科书级别的事呢？ 1. CF大火时期，高品质fps开始有出现的苗头 企鹅直接把战争前线掏出来了，代理了以后虽然赚的不多但是以crytek作品的质量足够铺路 紧接着呢，冷落战争前线，用它铺好的路又重新坐稳fps龙头 2. 网易荒野行,238,50,2024-12-01 04:30:36
原神内鬼,9297255373,玉衡小姐的狗,https://gss0.bdstatic.com/6LZ1dD3d1sgCo2Kml5_Y_D3/sys/portrait/item/tb.1.b7f24c0.N3Ki06M3dbyYumrYdPaSCQ?t=1709371563,锅钕平均A罩杯，系全球垫底,怪不得cmg见不得纸片人有大雷，原来自己没有啊 ,632,86,2024-11-30 22:23:46
原神内鬼,9294155556,a批陪陪话痨,https://gss0.bdstatic.com/6LZ1dD3d1sgCo2Kml5_Y_D3/sys/portrait/item/tb.1.7977d44a.RcBqqi098GPyhhLMKA92bA?t=1680342602,对于明年的二游市场，我已经开始轻哼了😆,前脚异环刚开测，今天网易的无限大就发了测试预告片，如果说大世界游戏目前还有蓝原和王者一点消息都没，那剩下的就都已经亮招了。5号无限暖暖公测，异环和无限大指定是明年要上的。 一想到明年米家，库洛，完美，网易的粉丝能掐在一起我就高兴哈哈，互车互踩，社区大战，一边发pv，评论区立马开嗦，好久没有这种盛况了 然后几家粉丝打着打着，突然来一句“你是麻辣仙人吧”哈哈哈全部拐到麻辣仙人身上，让麻辣仙人背负所有。只要把,20,11,2024-11-29 11:13:54
原神内鬼,9297944778,战争祭司k130,https://gss0.bdstatic.com/6LZ1dD3d1sgCo2Kml5_Y_D3/sys/portrait/item/tb.1.83a52a70.Pyl2xz-RJNKs4Kzr00XVgA?t=1731946044,小登求个好友,加个好友一起玩 ,0,5,2024-12-01 09:37:56
原神内鬼,9297942970,夏语莺哦,https://gss0.bdstatic.com/6LZ1dD3d1sgCo2Kml5_Y_D3/sys/portrait/item/tb.1.52eab8f2.fA2qAveaIYkcU3C1sPsk5g?t=1732923412,预测一下某游的节奏,4天后懂得都懂 节奏1.抽卡二游的必然矛盾，非酋欧🐶相互跳脸 我不信这游戏能给足玩家抽卡资源去拿到卡池内全部的东西（听说预约奖励才126抽？） 节奏2.结构性矛盾，老生常谈。 作为一个没有明确表态服务于某玩家群体的二游，结构性矛盾就是较为明显的矛盾之一。届时你会看到老婆党和女儿党互撕具体话术不用多说了吧，都是老熟人了 那么问题来了 1.她知道她是你老婆吗？ 2.你女儿怎么没有麻麻啊 麻辣仙人们可以提前准备支持/捂嘴话术了,7,23,2024-12-01 09:36:43
原神内鬼,9296592905,crazzzzd,https://gss0.bdstatic.com/6LZ1dD3d1sgCo2Kml5_Y_D3/sys/portrait/item/tb.1.21bc70fe.MByO6q-YP7qMLhGfLVIZ4Q?t=1727444624,1999再次爆发男女节奏,看来就是明牌百合的游戏只要有男有女自机角色就会爆发节奏。希望这种节奏能贯所有混厕。喜欢扩圈那就赶紧反噬吧，迫不及待看到混厕男女节奏全面爆发全部爆死 ,198,158,2024-11-30 15:18:44
原神内鬼,9297108298,IncinerateCab,https://gss0.bdstatic.com/6LZ1dD3d1sgCo2Kml5_Y_D3/sys/portrait/item/tb.1.80e4a8fe.HjE4EeMkyA2JesURkQ9CZQ?t=1726207723,耐耗王陈友谅直播弹幕大赏,🍵u是这样的，川基米只要嗦一口🍵u，一切都会好起来的，而我们🍵u要考虑的就多了 ,64,18,2024-11-30 20:22:27
原神内鬼,9298169186,冰蓝客,https://gss0.bdstatic.com/6LZ1dD3d1sgCo2Kml5_Y_D3/sys/portrait/item/tb.1.c47f0aaf.3it_g5nAsUx4UDRh6nqPyw,调查员（大号丢了😂）,"米桑觉得自己很委屈吧开始注意这些地方了（或者说它一开始就喜欢搞这些“小细节”，只不过以前用来yygq，现在想劝人回去爆米）这男的相当于粉毛领养的孙子，剧情里叫你（奶奶/爷爷），然后卖粉毛对你有感觉（广东辣），这么做的原因是过年米桑要双限定（火神和粉毛）把家底d上了,要是再褒姒估计但陈平安啊，无人在意才是凉得最透的，它不爆典都没流量了（本来我还等着它整尸水萝莉那样的狠活）直接路边一条啊，我不说估计大家都不知",3,2,2024-12-01 11:49:02
原神内鬼,9296405400,蔡鸡图一乐,https://gss0.bdstatic.com/6LZ1dD3d1sgCo2Kml5_Y_D3/sys/portrait/item/tb.1.8f907980.-6qZ2ZsTCLe-WgDZidKpiw?t=1720248227,这个帖子好乐，出来一个mxz都得被人摁着头骂, ,77,16,2024-11-30 13:35:26
原神内鬼,9298076117,aswzx233,https://gss0.bdstatic.com/6LZ1dD3d1sgCo2Kml5_Y_D3/sys/portrait/item/tb.1.b0185956.qfo8PXFsZxOA5YN_hfzSgg?t=1564376549,又来一个乱带节奏 吃瓜吃不明白的,请求老哥支援 ,147,53,2024-12-01 10:53:47
原神内鬼,9297508579,home欧阳蓝蓝,https://gss0.bdstatic.com/6LZ1dD3d1sgCo2Kml5_Y_D3/sys/portrait/item/tb.1.c1414cfa.oE0EXzvObHbSmVT8turBSA?t=1724647712,让京东又削减了配送安装的费用， 导致只能请得到流气青年,都说一家公司走下坡路会有各种预兆， 或许就是因为不景气， 让京东又削减了配送安装的费用， 导致只能请得到流气青年， 反正安装电视似乎也没什么技术含量。 现在是流气青年敲诈失败， 以后会发生什么真不敢想,933,76,2024-12-01 01:22:16
羽毛球,9215414890,云中月LTD,https://gss0.bdstatic.com/6LZ1dD3d1sgCo2Kml5_Y_D3/sys/portrait/item/tb.1.50ea77c6.A5M_etaF1NXVEc_4GUFZ-w?t=1672998806,羽吧官方绿色泡泡互动群，全宇宙招募爱好者入,官方吧招募羽毛球人 沟通群只玩微信 打球群落！ 只伽微信人！ 由于群人数众多，要微进群的请加我微信游戏账号！ 我的账号号码在二楼回复。 来加账号，再拉你进游戏群吧，来吧各位羽球人民们！ 撩骚的时候到了 ,11,1,2024-10-12 00:36:34
羽毛球,6154401515,云中月LTD,https://gss0.bdstatic.com/6LZ1dD3d1sgCo2Kml5_Y_D3/sys/portrait/item/tb.1.50ea77c6.A5M_etaF1NXVEc_4GUFZ-w?t=1672998806,羽毛球约球、约战贴---方便你寻找当地的球友！,nan,693,1913,2019-06-06 11:19:57
羽毛球,6153587838,云中月LTD,https://gss0.bdstatic.com/6LZ1dD3d1sgCo2Kml5_Y_D3/sys/portrait/item/tb.1.50ea77c6.A5M_etaF1NXVEc_4GUFZ-w?t=1672998806,羽毛球吧发帖回帖规则1.0,需注意的事项 ！本吧不对任何吧友之间的交易负责，如有交易请建议用X鱼和X宝等第三方交易担保平台 ！本吧不对任何吧友的产品鉴定言论负责 ！本吧不对任何擅自线上线下约球、约X、吧友见面会负责，社会有风险各位需谨慎 ！本吧不对任何羽毛球产品的讨论负责 ！转载内容请注明转载 ,32,9,2019-06-05 14:56:30
羽毛球,9294829307,黄稑米扪心Jg,https://gss0.bdstatic.com/6LZ1dD3d1sgCo2Kml5_Y_D3/sys/portrait/item/tb.1.8e58f50f.hJvHoi72dikr9IlpRA9qUg,2024羽毛球拍推荐入手几款不错的,尤尼克斯羽毛球拍活动：https://u.jd.com/I1VpVdb 李宁羽毛球拍活动：https://u.jd.com/IDVp50e 威克多胜利羽毛球拍活动：https://u.jd.com/IDVY2FA ,1,20,2024-11-29 17:15:08
羽毛球,9204281256,,https://gss0.bdstatic.com/6LZ1dD3d1sgCo2Kml5_Y_D3/sys/portrait/item/tb.1.9377fcc3.fJjs3Ktaol3ANykVJcCzLw?t=1703930348,求羽毛球推荐,最好平价点,11,4,2024-10-04 19:40:18
羽毛球,9298107961,安然寂静影,https://gss0.bdstatic.com/6LZ1dD3d1sgCo2Kml5_Y_D3/sys/portrait/item/tb.1.d8d41c4f.ckfJ54hyqDF0G33eIL_NfA?t=1720181370,新手有点想入坑,勿喷，被人拉入坑的吧，但是自己也挺想玩的，有没有推荐的拍子，想使起来顺手一点，不过还没打过单打，不太喜欢在后场打，正手好像也不顺手,0,2,2024-12-01 11:11:14
羽毛球,9296670815,五夏子陌,https://gss0.bdstatic.com/6LZ1dD3d1sgCo2Kml5_Y_D3/sys/portrait/item/tb.1.4100f125.7wKZUhdTX6Thz_qQ_17MjQ?t=1728134907,中羽评级和专业评级,我想问问国家二级，一级和健将放到中羽评级里面大概能是哪个级别,3,2,2024-11-30 16:07:18
羽毛球,9297223918,Guts239,https://gss0.bdstatic.com/6LZ1dD3d1sgCo2Kml5_Y_D3/sys/portrait/item/tb.1.ba05fa5.Ze9DVBgO0WjWQ4q5mLnytQ?t=1722831044,正式入坑有一年半了，自学求助各位林李看看有没有中羽四级，没有的话我现在该怎么改进*,nan,0,2,2024-11-30 22:32:47
羽毛球,9043402871,Elzabath,https://gss0.bdstatic.com/6LZ1dD3d1sgCo2Kml5_Y_D3/sys/portrait/item/tb.1.9f7291c5.RV0wSEvBYqjZYwIBtn3xgA?t=1520991960,有不错的羽毛球推荐吗？？送朋友的,搬家朋友帮了好多忙。他经常打羽毛球但是不知道具体的，羽毛球拍和鞋之类的不太好送，就心思买点羽毛球送给他（毕竟是消耗品）有那种特别好的羽毛球吗给他来两桶,1,14,2024-06-06 19:19:13
羽毛球,9297251485,,https://gss0.bdstatic.com/6LZ1dD3d1sgCo2Kml5_Y_D3/sys/portrait/item/tb.1.bdf373f4.inOjzGQANyL44x_zOT_FxA?t=1716518650,室外的场地能用来系统训练嘛,室内场地太紧张了,0,1,2024-11-30 22:21:20
羽毛球,9125639200,徐澜清,https://gss0.bdstatic.com/6LZ1dD3d1sgCo2Kml5_Y_D3/sys/portrait/item/tb.1.8b2fa6ba.cVikAGWg9BH9ihEdAVqTbA?t=1639847544,这个世界上就没有便宜好打的球！,学生党打球真的烧不起，吧友们可以推荐点70内的球吗 ,644,238,2024-08-11 07:53:29
羽毛球,9298124880,lmyshxy2528,https://gss0.bdstatic.com/6LZ1dD3d1sgCo2Kml5_Y_D3/sys/portrait/item/tb.1.28df85f4.dU4gZFfQf-9mbsjCsjo0Lw?t=1733023311,想买球拍了,各位大佬 有没有什么发力流畅 挥速快的中端进攻拍推荐 目前看上了风刃500p 这把怎么样,0,0,2024-12-01 11:20:35
羽毛球,9120452060,子浪魔理沙,https://gss0.bdstatic.com/6LZ1dD3d1sgCo2Kml5_Y_D3/sys/portrait/item/tb.1.f75466ff.oN_G78DUHJWqS5K2uO6gPA?t=1723429927,六问安赛龙😡😡😡,一问安赛龙，石宇奇轮空一局无手感，以身犯险消耗昆拉伍特，你趁人之危摘桃子，仁义何在？ 二问安赛龙，石宇奇止步八强受到广泛批评，你故意独守全区过关斩将，只为一己私欲抢夺利益，大义何在？ 三问安赛龙，你对阵昆拉伍特全局碾压，不顾昆拉伍特打爆石宇奇，击碎石孝子梦想，礼义何在？ 四问安赛龙，四年前石宇奇已经给你让了一枚金牌，现如今不知回报，信义何在？ 五问安赛龙， 石宇奇新冠阳性带病上阵，你心安理得甘之若饴，良,119,70,2024-08-07 14:01:03
羽毛球,9297348104,,https://gss0.bdstatic.com/6LZ1dD3d1sgCo2Kml5_Y_D3/sys/portrait/item/tb.1.9c632517.tcQrfJnGHUs3n6fKMzXGww,亚c439 3桶 拼多多拼单,https://file-link.pinduoduo.com/2Mp68IUaPK,1,2,2024-11-30 23:20:16
羽毛球,9294315958,酒窝_美美,https://gss0.bdstatic.com/6LZ1dD3d1sgCo2Kml5_Y_D3/sys/portrait/item/tb.1.833c437e.QW1ro3H1LAwx8rzDcu8CdQ?t=1695224081,一起打羽毛球,找身体健康，爱好羽毛球。水平一般，以锻炼为主的球友一起打羽毛球。可以提供场地。拍子，球自备。 ,0,1,2024-11-29 12:45:34
羽毛球,9297920598,,https://gss0.bdstatic.com/6LZ1dD3d1sgCo2Kml5_Y_D3/sys/portrait/item/tb.1.1d23c549.RSIrSd_qxeT76CmrVOJxVA,选择困难症烦了,"各位林李，小隼4U,不知道什么线好打，求各位林李给出点意见，谢谢",0,0,2024-12-01 09:23:03
羽毛球,9298093074,1031290548,https://gss0.bdstatic.com/6LZ1dD3d1sgCo2Kml5_Y_D3/sys/portrait/item/tb.1.9d1fb0ac.16FFp7OTtbKMgiTwCOq4UA,寻找球友一名,有合肥周末打球的球友吗,0,0,2024-12-01 11:03:02
羽毛球,9293135942,q唔知点解,https://gss0.bdstatic.com/6LZ1dD3d1sgCo2Kml5_Y_D3/sys/portrait/item/tb.1.7936f62b.mhCtbWZgfiUuKnid7sSqwQ,石头被黑得最惨的一次,nan,202,68,2024-11-28 18:33:43
羽毛球,9254549443,开朗的天蝎,https://gss0.bdstatic.com/6LZ1dD3d1sgCo2Kml5_Y_D3/sys/portrait/item/tb.1.4ce3c730.DbKgnin3_aPNB6grKyT-Vg?t=1645682671,大佬们求鉴定,100zz 海鲜市场300捡的 ,2,6,2024-11-05 23:02:51
羽毛球,9249761500,归欣似键,https://gss0.bdstatic.com/6LZ1dD3d1sgCo2Kml5_Y_D3/sys/portrait/item/tb.1.cbe91bdb.-mn9QcvrncAM_yPuhh7zZw?t=1723978475,帮朋友选拍。,朋友热衷于拉吊，预算空拍800～1000，请问选战戟8000还是驭10m？,3,10,2024-11-02 21:16:58
羽毛球,9289738960,咕咕咕咕日内瓦,https://gss0.bdstatic.com/6LZ1dD3d1sgCo2Kml5_Y_D3/sys/portrait/item/tb.1.65348557.ukn5BpwSGs-6RnyKyimvRA?t=1722879612,讨论贴 为什么那么多有新手蜜汁自信,lz我是高中生 算是班里天花板 班里有很多新手入门打羽毛球的 握拍都不正确那种 基本都是苍蝇拍 但是就是硬要叫我帮他把线剪了 给他去拉28 29磅数 怎么劝都不听 问他能打动吗就说能 同学一场也不能不劝 不给他拉关系都搞僵了 大家怎么看待能不能分享一下 放张胜利顶级科技镇楼 ,141,98,2024-11-26 22:08:25
羽毛球,9298056494,,https://gss0.bdstatic.com/6LZ1dD3d1sgCo2Kml5_Y_D3/sys/portrait/item/tb.1.621723b1.AuHjT-n_nkgjB2q4Z1ctxQ,N90，2代，经典款，值多少钱？,家里有一对这样的拍子。听我同学说好像挺值钱的。还有李宁什么刻上的签名。不是手写的。先把它卖了，换个好牌大概值多少钱啊？,0,0,2024-12-01 10:42:43
羽毛球,9121768632,,https://gss0.bdstatic.com/6LZ1dD3d1sgCo2Kml5_Y_D3/sys/portrait/item/tb.1.185f082d.Z53OURtCSYoCwbiXZ817Ww,8u们我又来了，刚从巴黎回国，就去找朋友打了一场球，大家仔细品味我的动作，国羽的大旗以后就是我来扛了,nan,91,52,2024-08-08 13:02:59
羽毛球,9297209713,lu19801116,https://gss0.bdstatic.com/6LZ1dD3d1sgCo2Kml5_Y_D3/sys/portrait/item/tb.1.1b124f82.pmYYN6pCcZ1tOPPStt-lfg?t=1693577627,各位李林看看有两到三级吗？,nan,0,2,2024-11-30 23:33:08
羽毛球,9297141383,绿了绿了0,https://gss0.bdstatic.com/6LZ1dD3d1sgCo2Kml5_Y_D3/sys/portrait/item/tb.1.65cdc912.MBrBJ5upP26L0BBxMwX3rg?t=1707872227,黑衣野球一年，大概有中羽几级？（高中生菜鸡轻点喷）,nan,2,2,2024-11-30 22:05:49
羽毛球,9295923740,佘新宇02,https://gss0.bdstatic.com/6LZ1dD3d1sgCo2Kml5_Y_D3/sys/portrait/item/tb.1.b1166389.Ycqtxnl8pC81g-2rRsXcHQ?t=1732927240,8u们，天斧99去了底胶平衡点会炸缸吗,从来没去过，但是我的底胶已经脏的不成样子了，现在想去，求林李们指导,2,1,2024-11-30 08:39:17
羽毛球,9297233700,无名氏sylvie,https://gss0.bdstatic.com/6LZ1dD3d1sgCo2Kml5_Y_D3/sys/portrait/item/tb.1.107029bb.Md-bDVvWTNwRHunhJbvfrA?t=1722322501,感觉自己架拍好丑，身体也有点不协调***,nan,0,1,2024-11-30 22:21:57
羽毛球,9297202318,carolinewang19,https://gss0.bdstatic.com/6LZ1dD3d1sgCo2Kml5_Y_D3/sys/portrait/item/tb.1.b742bb72.HX1qInBFljTJDxpI5mYmyg?t=1715592924,收的二手龙牙二,兄弟们帮忙鉴定一下收的二手龙牙真假 ,0,6,2024-11-30 21:39:01
羽毛球,9297976695,,https://gss0.bdstatic.com/6LZ1dD3d1sgCo2Kml5_Y_D3/sys/portrait/item/tb.1.342712c.0WTycqxannvCcwKsmjuPqQ?t=1668645806,有没有大佬帮忙鉴定一下,如题多多上买一个极音速求大佬鉴定一下 ,0,0,2024-12-01 09:56:43
羽毛球,9297654787,vhthc,https://gss0.bdstatic.com/6LZ1dD3d1sgCo2Kml5_Y_D3/sys/portrait/item/tb.1.c733277c.DYjMkAMuxp7w9cCpMgyDiQ?t=1708011994,一千元羽毛球拍求推荐,刚打一周，准备买77Pro，这个价还有别的推荐吗，不太会看数据,0,3,2024-12-01 04:05:38
羽毛球,9297451611,原u星怒,https://gss0.bdstatic.com/6LZ1dD3d1sgCo2Kml5_Y_D3/sys/portrait/item/tb.1.c3418e40.Kekltp1EvS1qaKHMV52QVg?t=1706452227,陆续打了四五个月的野球今天录了一下发现自己动作怎么这么唐，求各位林李指教,nan,4,6,2024-12-01 03:42:15
羽毛球,9239478996,杨晨大神520,https://gss0.bdstatic.com/6LZ1dD3d1sgCo2Kml5_Y_D3/sys/portrait/item/tb.1.7aa15c7b.uLTgSZ6mYx0lQdh03Edjjg?t=1634457736,两位都是驯龙高手，那安赛龙究竟是谁的男仆？,nan,24,8,2024-10-27 14:41:43
羽毛球,9296625766,8848你爹手机,https://gss0.bdstatic.com/6LZ1dD3d1sgCo2Kml5_Y_D3/sys/portrait/item/tb.1.8ea7d732.nKSsCi3Ki9bWVTm2FRvbaw?t=1722840569,亚狮龙七号,第一次买亚七 是品控的问题还是说就是这样的 ,3,4,2024-11-30 15:38:04
羽毛球,9286231335,取名困难症OwO,https://gss0.bdstatic.com/6LZ1dD3d1sgCo2Kml5_Y_D3/sys/portrait/item/tb.1.7a512b7.R3OGs7WgpzvjeULxMZyC1g?t=1718082512,挂一个dy博主,菜的抠脚还点评上了，我都懒得喷，新手在dy上遇到了不用看，直接划走 ,135,73,2024-11-25 01:38:16
羽毛球,9286610872,杨晨大神520,https://gss0.bdstatic.com/6LZ1dD3d1sgCo2Kml5_Y_D3/sys/portrait/item/tb.1.7aa15c7b.uLTgSZ6mYx0lQdh03Edjjg?t=1634457736,打好好的，你吼他干嘛？,nan,39,9,2024-11-25 11:12:42
羽毛球,9296934682,偶尔放肆019,https://gss0.bdstatic.com/6LZ1dD3d1sgCo2Kml5_Y_D3/sys/portrait/item/tb.1.dadbe902.B1JRQTs9y3vhjrdnuLybiQ?t=1609402302,双打撞拍了想走个质保，帮我想想办法,我是个学生没多少钱，和同学双打撞拍了，想尽力保个拍子走质保，能不能帮我想个办法，谢谢 ,2,5,2024-11-30 18:36:09
羽毛球,9291693136,BZZBBZZBBZZB,https://gss0.bdstatic.com/6LZ1dD3d1sgCo2Kml5_Y_D3/sys/portrait/item/tb.1.7f97684d.0W8rpKyW1O81HoIinjY7jA?t=1602870489,兄弟们帮忙看一下,感觉是伤碳了 要怎么才能修 ,1,5,2024-11-27 23:16:32
羽毛球,9114629414,墨迹金箍,https://gss0.bdstatic.com/6LZ1dD3d1sgCo2Kml5_Y_D3/sys/portrait/item/tb.1.ad8379bf.t0sVcBbo2DqWbOptOUF1yw?t=1617887338,这石宇奇和李诗沣这届也太拉夸了吧，还不如东京奥运会,起码东京奥运会男单都只打不过安赛龙，这届这两位输的都是什么级别的选手,138,42,2024-08-03 01:52:18
羽毛球,9294971753,徐三好418,https://gss0.bdstatic.com/6LZ1dD3d1sgCo2Kml5_Y_D3/sys/portrait/item/tb.1.34cb3001.8oV1v1XJlowIZNlt9iaQdA?t=1689328872,大佬来进帖,lz半新手 有一点基础但不多 纠结胜利小铁锤&李宁小钢炮选哪个 ；顺便想问问打拉吊 拉多少磅😍,2,5,2024-11-29 18:32:55
羽毛球,9126050756,粉色发霉章鱼,https://gss0.bdstatic.com/6LZ1dD3d1sgCo2Kml5_Y_D3/sys/portrait/item/tb.1.c5b5120e.nUlDQqR3yZIy-YtpGjjTfQ?t=1690946250,到底怎么评价李宗伟吹,论荣誉李宗伟历史地位前十差不多，但一论实力就各种不弱于人，当年碰谌龙，再然后碰桃田，现在又碰安赛龙，也不管人家成绩个个都比李宗伟高几个档次。 没有哪个运动项目的运动员可以一个有份量的大赛冠军都拿不到而被认为是超一流的，羽球人能认可李宗伟的实力是超一流不就行了吗？偏偏有一堆吹子天天拿老李碰这个碰那个，吊打这个吊打那个，人家一问你什么冠军，就说我论的实力不论荣誉，那你荣誉差别人这么远，还天天非要踩在别,1606,737,2024-08-11 14:48:43
羽毛球,9297426488,陈家源爱大叫,https://gss0.bdstatic.com/6LZ1dD3d1sgCo2Kml5_Y_D3/sys/portrait/item/tb.1.17cafab6.37j40jK4xmg1VdavPfhm_w?t=1592734320,大佬们线的磅数该怎么选啊,打球一年了，我自认为算是力量大的人，所以我的第一把拍拉的26磅。后来打了半年多吧，感觉也是有点膨胀了，拉上了28，自我感觉良好。结果跟一个打了好几年球的同学打的时候回一个反手中场被杀穿了。于是一周前我决定沉淀一下，拉上了24磅，对比28磅的时候回球当然到位了许多。昨天我拿着刚收的二手拍子（上家刚拉的26磅线）打了会球感觉似乎球速更快的同时质量似乎也更高。于是我产生了疑问，是我的发力不够好导致用24磅的线太过拖沓了,5,10,2024-12-01 00:19:54
羽毛球,9217682020,阿尔托利亚iii,https://gss0.bdstatic.com/6LZ1dD3d1sgCo2Kml5_Y_D3/sys/portrait/item/tb.1.d8fd2b87.fvjC9bLvKwtceDxLeZ9zrA?t=1723427025,真自学时常俩年半的小黑子，又来啦。燃命打法，录了段不错的对打，这是第五局。求大佬锐评指点下，谢谢~！[br]自我感觉打球时身体太僵硬，反应总有些慢了半拍，有优化,nan,13,12,2024-10-13 13:58:54
羽毛球,9297466258,,https://gss0.bdstatic.com/6LZ1dD3d1sgCo2Kml5_Y_D3/sys/portrait/item/tb.1.ee3c60ba.RSpP7JGiRkOAQCUF-mWyIA?t=1679136787,求问各位大佬,这个线是不是拉的很差 ,0,3,2024-12-01 00:48:25
羽毛球,9114924244,v我一把隼,https://gss0.bdstatic.com/6LZ1dD3d1sgCo2Kml5_Y_D3/sys/portrait/item/tb.1.e6f860dc.tys-zwZ8kTbEQ6fyA6Wq6g?t=1712241853,理性谈石宇奇落败,本来昨晚12点高高兴兴入睡，准备等石头2比0坤坤byd一觉醒来，被坤坤2比0了。 个人认为还是教练组背大锅，没有做好对坤坤的战术针对，很明显就是认为石宇奇稳赢这场比赛。最后的结果就是，孙导只能无奈的说放后场（懒得喷）然后被人21比10。 对安塞龙的战术针对做得太充足了，反而忽视了其他运动员的研究，坤坤和速男好歹是世锦赛冠军，真心重视不足。最后研究的都白研究了，你石宇奇止步四强了。很明显看得出来，坤坤是有座十分充足的战,145,65,2024-08-03 10:39:34
羽毛球,8969239287,谦哥嗨型,https://gss0.bdstatic.com/6LZ1dD3d1sgCo2Kml5_Y_D3/sys/portrait/item/tb.1.23e323d6.EuaLDgA5baErzOfWU0OogA?t=1695919448,打的很认真，动作还是很懒散#羽毛球##[视频]贴吧平均水平#,nan,3,7,2024-04-07 16:43:50
羽毛球,9297551110,EWJIOF,https://gss0.bdstatic.com/6LZ1dD3d1sgCo2Kml5_Y_D3/sys/portrait/item/tb.1.333e236c.HSw6VdS4Z6pTVsqY9VmnWA,刚玩羽毛球想要个防守型的拍子推荐一下,平衡点低的弹性好轻点的接球快预算多少都行,0,0,2024-12-01 02:03:32
羽毛球,9165731546,,https://gss0.bdstatic.com/6LZ1dD3d1sgCo2Kml5_Y_D3/sys/portrait/item/tb.1.2d321928.ALhaYlktz5Hcyeul0qXC0A?t=1664137376,为什么奥运之后诋毁安赛龙的声音越来越多，特别是关于李宗伟的,如题，自从安赛龙奥运夺冠后，抖音，贴吧全是说安赛龙不是超一流，并且拿李宗伟来压安赛龙。 让我们细细来分析一下同年龄下的安赛龙与李宗伟 安赛龙22岁奥运会铜牌，23岁世锦赛冠军，27岁奥运冠军。28岁世锦赛冠军，30岁奥运冠军。 主要对手：22岁～30岁（林丹，桃田，李宗伟，石宇奇，李梓嘉，昆拉武特等） 巅峰期：22年（28岁） 李宗伟22岁奥运16强，23岁世锦赛铜牌，26岁奥运银牌。29岁世锦赛银牌，30岁奥运亚军，31.32.33.世锦赛亚军.34奥运亚 ,462,511,2024-09-08 21:47:54
羽毛球,9170178852,潜梦丶悲伤,https://gss0.bdstatic.com/6LZ1dD3d1sgCo2Kml5_Y_D3/sys/portrait/item/tb.1.9fb73261.89eQudeBiMG0RTavrLONJQ?t=1709019413,求求吧里的大佬，为了感谢领导帮助，打算买个球拍送给领导,预算两千，领导比较喜欢打羽毛球，球风凌厉，杀球还挺多的，求推荐合适的球拍,0,6,2024-09-11 19:53:43
羽毛球,9297253147,66的雨,https://gss0.bdstatic.com/6LZ1dD3d1sgCo2Kml5_Y_D3/sys/portrait/item/tb.1.7948d291.d2t_fzWK23mXfGo_E_5qzw?t=1683620007,小鬼斩掉漆,入手的第一个拍子，刚二十天，这是质量问题吗 ,2,7,2024-11-30 22:22:26
羽毛球,9292930782,jjd414,https://gss0.bdstatic.com/6LZ1dD3d1sgCo2Kml5_Y_D3/sys/portrait/item/tb.1.a1e48ef7.2_nTyY6ISKJAiD8rBTirHw,鉴定帖，尤尼克斯 m2000,新买了一桶羽毛球，求懂的大佬帮忙鉴定一下 ,0,2,2024-11-28 16:46:51
新闻,6538458219,新闻吧维护管理,https://gss0.bdstatic.com/6LZ1dD3d1sgCo2Kml5_Y_D3/sys/portrait/item/tb.1.42b304df.0IUkQ3Ar0KiAs19mgSZUMw,观点中国：中国信任度排名蝉联第一，为民理念的最佳注脚, 来源：中国网,16,0,2020-03-09 15:49:14
新闻,6538414899,新闻吧维护管理,https://gss0.bdstatic.com/6LZ1dD3d1sgCo2Kml5_Y_D3/sys/portrait/item/tb.1.42b304df.0IUkQ3Ar0KiAs19mgSZUMw,中国与世卫并肩抗疫，体现责任与担当, 来源：文汇报,2,0,2020-03-09 15:31:26
新闻,7163555422,新闻吧维护管理,https://gss0.bdstatic.com/6LZ1dD3d1sgCo2Kml5_Y_D3/sys/portrait/item/tb.1.42b304df.0IUkQ3Ar0KiAs19mgSZUMw,4.长征八号运载火箭首次飞行试验取得圆满成功,http://www.xinhuanet.com/politics/2020-12/22/c_1126891843.htm,62,0,2020-12-22 22:17:23
新闻,7163555026,新闻吧维护管理,https://gss0.bdstatic.com/6LZ1dD3d1sgCo2Kml5_Y_D3/sys/portrait/item/tb.1.42b304df.0IUkQ3Ar0KiAs19mgSZUMw,3.京雄城际铁路今日按图试运行 年底开通,http://m.news.cctv.com/2020/12/22/ARTIrpDaRx4K8rJce9l7VLdW201222,23,0,2020-12-22 22:17:04
新闻,7163554681,新闻吧维护管理,https://gss0.bdstatic.com/6LZ1dD3d1sgCo2Kml5_Y_D3/sys/portrait/item/tb.1.42b304df.0IUkQ3Ar0KiAs19mgSZUMw,2.巡山穿林，新时代护林员的奋斗与快乐,https://news.gmw.cn/2020-12/22/content_34482514.htm,9,0,2020-12-22 22:16:47
新闻,7163554470,新闻吧维护管理,https://gss0.bdstatic.com/6LZ1dD3d1sgCo2Kml5_Y_D3/sys/portrait/item/tb.1.42b304df.0IUkQ3Ar0KiAs19mgSZUMw,1.第二次青藏科考队初步估算 “亚洲水塔”水量超9万亿立方米,https://news.gmw.cn/2020-12/22/content_34482442.htm,16,0,2020-12-22 22:16:35
新闻,7161751203,新闻吧维护管理,https://gss0.bdstatic.com/6LZ1dD3d1sgCo2Kml5_Y_D3/sys/portrait/item/tb.1.42b304df.0IUkQ3Ar0KiAs19mgSZUMw,春运又在路上了，火车购票 、 出行指南了解一下 ！,https://mp.weixin.qq.com/s/9Jh1PNog1jXQe2atMeSz7w,19,0,2020-12-21 20:49:10
新闻,7161750696,新闻吧维护管理,https://gss0.bdstatic.com/6LZ1dD3d1sgCo2Kml5_Y_D3/sys/portrait/item/tb.1.42b304df.0IUkQ3Ar0KiAs19mgSZUMw,全世界都看到！中国经济增长给世界注入信心,http://m.news.cctv.com/2020/12/19/ARTIWlP4VtwBLgKiaBBB8zgd201219,9,0,2020-12-21 20:48:49
新闻,7161750023,新闻吧维护管理,https://gss0.bdstatic.com/6LZ1dD3d1sgCo2Kml5_Y_D3/sys/portrait/item/tb.1.42b304df.0IUkQ3Ar0KiAs19mgSZUMw,焦点访谈：中央开的这个会，给2021年的中国布置了这些大事,https://news.cctv.com/2020/12/20/ARTIXojDsRv14Cfcu44u4n6z201220.,6,0,2020-12-21 20:48:20
新闻,7159821927,新闻吧维护管理,https://gss0.bdstatic.com/6LZ1dD3d1sgCo2Kml5_Y_D3/sys/portrait/item/tb.1.42b304df.0IUkQ3Ar0KiAs19mgSZUMw,中央经济工作会议，把发展和安全一起谋划部署有何深意？,http://app.cctv.com/special/cportal/detail/arti/index.html?id=Ar,13,0,2020-12-20 16:49:44
新闻,7159821039,新闻吧维护管理,https://gss0.bdstatic.com/6LZ1dD3d1sgCo2Kml5_Y_D3/sys/portrait/item/tb.1.42b304df.0IUkQ3Ar0KiAs19mgSZUMw,一图读懂2020年中央经济工作会议,https://mp.weixin.qq.com/s/dHMsLds6mxAbsWC9_KgYHg,21,0,2020-12-20 16:49:00
新闻,7159821653,新闻吧维护管理,https://gss0.bdstatic.com/6LZ1dD3d1sgCo2Kml5_Y_D3/sys/portrait/item/tb.1.42b304df.0IUkQ3Ar0KiAs19mgSZUMw,看！ 回归21载 澳门风华正茂,https://m.news.cctv.com/2020/12/19/ARTI8oVxYfsx4sZ1LU8DL5VM20121,17,0,2020-12-20 16:49:30
新闻,7159821387,新闻吧维护管理,https://gss0.bdstatic.com/6LZ1dD3d1sgCo2Kml5_Y_D3/sys/portrait/item/tb.1.42b304df.0IUkQ3Ar0KiAs19mgSZUMw,16年！三位老人，带着新一代航天人实现了对祖国的承诺！,http://app.cctv.com/special/cportal/detail/arti/index.html?id=Ar,8,0,2020-12-20 16:49:17
新闻,7158497264,新闻吧维护管理,https://gss0.bdstatic.com/6LZ1dD3d1sgCo2Kml5_Y_D3/sys/portrait/item/tb.1.42b304df.0IUkQ3Ar0KiAs19mgSZUMw,2020年中央经济工作会议干货，带你一图速览,https://xhpfmapi.zhongguowangshi.com/vh512/share/9624081?channel,17,0,2020-12-19 17:38:26
新闻,7158491382,新闻吧维护管理,https://gss0.bdstatic.com/6LZ1dD3d1sgCo2Kml5_Y_D3/sys/portrait/item/tb.1.42b304df.0IUkQ3Ar0KiAs19mgSZUMw,明年要见到新气象！,http://api.cportal.cctv.com/api/newsInsert/ywnr.html?id=Arti7Nlo,15,0,2020-12-19 17:34:07
新闻,7158490928,新闻吧维护管理,https://gss0.bdstatic.com/6LZ1dD3d1sgCo2Kml5_Y_D3/sys/portrait/item/tb.1.42b304df.0IUkQ3Ar0KiAs19mgSZUMw,每一帧都是大片！武警城市反恐战训练比“战狼”更过瘾,http://military.cnr.cn/ycdj/20201218/t20201218_525368031.html,5,0,2020-12-19 17:33:48
新闻,7158490521,新闻吧维护管理,https://gss0.bdstatic.com/6LZ1dD3d1sgCo2Kml5_Y_D3/sys/portrait/item/tb.1.42b304df.0IUkQ3Ar0KiAs19mgSZUMw,看！他在发光,https://mp.weixin.qq.com/s/vpjzOc40WjRWCoEQ8Qs_yg,14,0,2020-12-19 17:33:28
新闻,7158489861,新闻吧维护管理,https://gss0.bdstatic.com/6LZ1dD3d1sgCo2Kml5_Y_D3/sys/portrait/item/tb.1.42b304df.0IUkQ3Ar0KiAs19mgSZUMw,父子二人先后牺牲在禁毒前线 缉毒警察们这些心里话让人泪目,http://m.news.cctv.com/2020/12/18/ARTI8w1GcEvBtWTRRF8cX8Uf201218,11,0,2020-12-19 17:33:00
新闻,7158489296,新闻吧维护管理,https://gss0.bdstatic.com/6LZ1dD3d1sgCo2Kml5_Y_D3/sys/portrait/item/tb.1.42b304df.0IUkQ3Ar0KiAs19mgSZUMw,太美了！北京冬奥会特许商品“冬奥金镶玉瓶”“冬奥双玺”发布,http://m.news.cctv.com/2020/12/18/ARTIMQJglPRFBeNe2cz4WsBW201218,6,0,2020-12-19 17:32:36
新闻,7158488563,新闻吧维护管理,https://gss0.bdstatic.com/6LZ1dD3d1sgCo2Kml5_Y_D3/sys/portrait/item/tb.1.42b304df.0IUkQ3Ar0KiAs19mgSZUMw,一波点赞加关注！世界瞩目嫦娥五号凯旋,http://m.news.cctv.com/2020/12/18/ARTIjZl4QtSUIcCmxD8mjAbE201218,5,0,2020-12-19 17:32:05
新闻,7155127344,新闻吧维护管理,https://gss0.bdstatic.com/6LZ1dD3d1sgCo2Kml5_Y_D3/sys/portrait/item/tb.1.42b304df.0IUkQ3Ar0KiAs19mgSZUMw,钱去哪儿了？——从“钱景”看中国经济脉动,https://xhpfmapi.zhongguowangshi.com/vh512/share/9618528,7,0,2020-12-17 17:28:18
新闻,7155124400,新闻吧维护管理,https://gss0.bdstatic.com/6LZ1dD3d1sgCo2Kml5_Y_D3/sys/portrait/item/tb.1.42b304df.0IUkQ3Ar0KiAs19mgSZUMw,谨以此片献给我们一起走过的2020,https://mp.weixin.qq.com/s/VUOJ69fA4b4yxPyFQQfBgw,4,0,2020-12-17 17:26:39
新闻,7155123306,新闻吧维护管理,https://gss0.bdstatic.com/6LZ1dD3d1sgCo2Kml5_Y_D3/sys/portrait/item/tb.1.42b304df.0IUkQ3Ar0KiAs19mgSZUMw,值得珍藏！4分钟回顾嫦娥五号探月之旅全程,http://m.news.cctv.com/2020/12/17/ARTIakCSqOnIxu01UOrdlfsj201217,15,0,2020-12-17 17:26:07
新闻,7153370398,新闻吧维护管理,https://gss0.bdstatic.com/6LZ1dD3d1sgCo2Kml5_Y_D3/sys/portrait/item/tb.1.42b304df.0IUkQ3Ar0KiAs19mgSZUMw,教育部划定“十不得”底线 专项整治“唯论文”问题,https://news.gmw.cn/2020-12/16/content_34466743.htm,5,0,2020-12-16 18:17:03
新闻,7153370184,新闻吧维护管理,https://gss0.bdstatic.com/6LZ1dD3d1sgCo2Kml5_Y_D3/sys/portrait/item/tb.1.42b304df.0IUkQ3Ar0KiAs19mgSZUMw,互联网保险将驶入规范快车道,http://www.ce.cn/xwzx/gnsz/gdxw/202012/16/t20201216_36120189.sht,3,0,2020-12-16 18:16:53
新闻,7153369880,新闻吧维护管理,https://gss0.bdstatic.com/6LZ1dD3d1sgCo2Kml5_Y_D3/sys/portrait/item/tb.1.42b304df.0IUkQ3Ar0KiAs19mgSZUMw,这里的企业如何把货卖更远,https://wap.peopleapp.com/article/6070089/5981995,2,0,2020-12-16 18:16:42
新闻,7153369578,新闻吧维护管理,https://gss0.bdstatic.com/6LZ1dD3d1sgCo2Kml5_Y_D3/sys/portrait/item/tb.1.42b304df.0IUkQ3Ar0KiAs19mgSZUMw,你的快递包装要“绿色转型”了！将有这些新变化,https://m.news.cctv.com/2020/12/15/ARTIf18uFcu2WpB3Nzi4iKyj20121,1,0,2020-12-16 18:16:31
新闻,7153369240,新闻吧维护管理,https://gss0.bdstatic.com/6LZ1dD3d1sgCo2Kml5_Y_D3/sys/portrait/item/tb.1.42b304df.0IUkQ3Ar0KiAs19mgSZUMw,近期多地出现本土疫情，元旦春节还能安心出行吗？,http://www.chinanews.com/sh/2020/12-16/9363167.shtml,2,0,2020-12-16 18:16:19
新闻,7153337452,新闻吧维护管理,https://gss0.bdstatic.com/6LZ1dD3d1sgCo2Kml5_Y_D3/sys/portrait/item/tb.1.42b304df.0IUkQ3Ar0KiAs19mgSZUMw,-20°C！天寒地冻，白衣战士再出征！,https://mp.weixin.qq.com/s/wgN0NHtT7RvRWBMqykliPw,4,0,2020-12-16 17:56:20
新闻,7153337064,新闻吧维护管理,https://gss0.bdstatic.com/6LZ1dD3d1sgCo2Kml5_Y_D3/sys/portrait/item/tb.1.42b304df.0IUkQ3Ar0KiAs19mgSZUMw,扶贫车间里的脱贫“新生活”,http://www.xinhuanet.com/local/2020-12/14/c_1126860188.htm,2,0,2020-12-16 17:56:07
新闻,7153336708,新闻吧维护管理,https://gss0.bdstatic.com/6LZ1dD3d1sgCo2Kml5_Y_D3/sys/portrait/item/tb.1.42b304df.0IUkQ3Ar0KiAs19mgSZUMw,6年“瘦身”超80% 这张清单见证中国开放步伐,http://www.xinhuanet.com/fortune/2020-12/14/c_1126859660.htm,4,0,2020-12-16 17:55:54
新闻,7151289101,新闻吧维护管理,https://gss0.bdstatic.com/6LZ1dD3d1sgCo2Kml5_Y_D3/sys/portrait/item/tb.1.42b304df.0IUkQ3Ar0KiAs19mgSZUMw,-20°C！天寒地冻，白衣战士再出征！,https://mp.weixin.qq.com/s/wgN0NHtT7RvRWBMqykliPw,2,0,2020-12-15 16:19:06
新闻,7151288834,新闻吧维护管理,https://gss0.bdstatic.com/6LZ1dD3d1sgCo2Kml5_Y_D3/sys/portrait/item/tb.1.42b304df.0IUkQ3Ar0KiAs19mgSZUMw,扶贫车间里的脱贫“新生活”,http://www.xinhuanet.com/local/2020-12/14/c_1126860188.htm,5,0,2020-12-15 16:18:57
新闻,7151288414,新闻吧维护管理,https://gss0.bdstatic.com/6LZ1dD3d1sgCo2Kml5_Y_D3/sys/portrait/item/tb.1.42b304df.0IUkQ3Ar0KiAs19mgSZUMw,6年“瘦身”超80% 这张清单见证中国开放步伐,http://www.xinhuanet.com/fortune/2020-12/14/c_1126859660.htm,4,0,2020-12-15 16:18:43
新闻,7149562680,新闻吧维护管理,https://gss0.bdstatic.com/6LZ1dD3d1sgCo2Kml5_Y_D3/sys/portrait/item/tb.1.42b304df.0IUkQ3Ar0KiAs19mgSZUMw,十四五•新开局｜民主之治,https://xhpfmapi.zhongguowangshi.com/vh512/share/9609634?channel,2,0,2020-12-14 17:30:57
新闻,7149563603,新闻吧维护管理,https://gss0.bdstatic.com/6LZ1dD3d1sgCo2Kml5_Y_D3/sys/portrait/item/tb.1.42b304df.0IUkQ3Ar0KiAs19mgSZUMw,北京疾控发布《冷链食品从业人员工作与居家个人防护指引》,http://www.xinhuanet.com/local/2020-12/13/c_1126855606.htm,4,0,2020-12-14 17:31:31
新闻,7149563243,新闻吧维护管理,https://gss0.bdstatic.com/6LZ1dD3d1sgCo2Kml5_Y_D3/sys/portrait/item/tb.1.42b304df.0IUkQ3Ar0KiAs19mgSZUMw,"脱贫攻坚|老张养牛记:收入增多 日子""见了亮""",http://www.xinhuanet.com/local/2020-12/12/c_1126852087.htm,1,0,2020-12-14 17:31:15
新闻,7144555677,新闻吧维护管理,https://gss0.bdstatic.com/6LZ1dD3d1sgCo2Kml5_Y_D3/sys/portrait/item/tb.1.42b304df.0IUkQ3Ar0KiAs19mgSZUMw,电视剧《跨过鸭绿江》 ： 用精品致敬英雄,http://app.cctv.com/special/cportal/detail/arti/index.html?id=Ar,2,0,2020-12-11 19:50:23
新闻,7144557502,新闻吧维护管理,https://gss0.bdstatic.com/6LZ1dD3d1sgCo2Kml5_Y_D3/sys/portrait/item/tb.1.42b304df.0IUkQ3Ar0KiAs19mgSZUMw,感天动地！传奇校长张桂梅和1804个女孩的故事,https://news.cctv.com/2020/12/11/ARTIDujnUbXahstMetQrr0pk201211.,3,0,2020-12-11 19:51:31
新闻,7144556499,新闻吧维护管理,https://gss0.bdstatic.com/6LZ1dD3d1sgCo2Kml5_Y_D3/sys/portrait/item/tb.1.42b304df.0IUkQ3Ar0KiAs19mgSZUMw,武汉凭啥成为南方集中供暖标杆？,http://energy.people.com.cn/n1/2020/1211/c71661-31963111.html,0,0,2020-12-11 19:50:53
新闻,7144554743,新闻吧维护管理,https://gss0.bdstatic.com/6LZ1dD3d1sgCo2Kml5_Y_D3/sys/portrait/item/tb.1.42b304df.0IUkQ3Ar0KiAs19mgSZUMw,“平凡英雄”带来感动,https://wap.peopleapp.com/article/6064036/5976296,2,0,2020-12-11 19:49:48
新闻,7144553860,新闻吧维护管理,https://gss0.bdstatic.com/6LZ1dD3d1sgCo2Kml5_Y_D3/sys/portrait/item/tb.1.42b304df.0IUkQ3Ar0KiAs19mgSZUMw,【央视快评】培养更多高技能人才和大国工匠,https://news.cctv.com/2020/12/10/ARTIQl1CFqRRpQLe6yVUgI6b201210.,2,0,2020-12-11 19:49:15
新闻,7142061384,新闻吧维护管理,https://gss0.bdstatic.com/6LZ1dD3d1sgCo2Kml5_Y_D3/sys/portrait/item/tb.1.42b304df.0IUkQ3Ar0KiAs19mgSZUMw,外交部回应珠峰新高程：珠峰再高也是能够攀登的 困难再大也是能,外交部回应珠峰新高程：珠峰再高也是能够攀登的 困难再大也是能够克服的 http://m.news.cctv.com/2020/12/09/ARTICraO52QpePgjyYkAUSJI201209,3,0,2020-12-10 15:23:49
新闻,7142064729,新闻吧维护管理,https://gss0.bdstatic.com/6LZ1dD3d1sgCo2Kml5_Y_D3/sys/portrait/item/tb.1.42b304df.0IUkQ3Ar0KiAs19mgSZUMw,张一夫和黄茗夫妇： 【95后夫妇将“画中桃源”变现实】,http://v.people.cn/n1/2020/1209/c429095-31960786.html,1,0,2020-12-10 15:25:25
新闻,7142062583,新闻吧维护管理,https://gss0.bdstatic.com/6LZ1dD3d1sgCo2Kml5_Y_D3/sys/portrait/item/tb.1.42b304df.0IUkQ3Ar0KiAs19mgSZUMw,美国一孕妇染新冠离世 还未抱过新出生的孩子,http://m.news.cctv.com/2020/12/09/ARTIgumNeblHrrSXZnp5bjiS201209,0,0,2020-12-10 15:24:26
新闻,7142059790,新闻吧维护管理,https://gss0.bdstatic.com/6LZ1dD3d1sgCo2Kml5_Y_D3/sys/portrait/item/tb.1.42b304df.0IUkQ3Ar0KiAs19mgSZUMw,东山岛：“生态+”铺就小康之路,http://society.people.com.cn/n1/2020/1210/c1008-31961900.html,1,0,2020-12-10 15:23:01
新闻,7142058511,新闻吧维护管理,https://gss0.bdstatic.com/6LZ1dD3d1sgCo2Kml5_Y_D3/sys/portrait/item/tb.1.42b304df.0IUkQ3Ar0KiAs19mgSZUMw,【“十三五”，我们这五年】上海旧城改造 让居民满意舒心,https://news.cctv.com/2020/12/09/ARTIdRhuKo9oMDXLxcCiUumD201209.,1,0,2020-12-10 15:22:25
新闻,7140109480,新闻吧维护管理,https://gss0.bdstatic.com/6LZ1dD3d1sgCo2Kml5_Y_D3/sys/portrait/item/tb.1.42b304df.0IUkQ3Ar0KiAs19mgSZUMw,解读接地气 形式多样化——吉林、黑龙江、湖南、湖北掀起党的十,解读接地气 形式多样化——吉林、黑龙江、湖南、湖北掀起党的十九届五中全会精神宣讲热潮 https://news.gmw.cn/2020-12/09/content_34444313.htm,0,0,2020-12-09 16:05:08
新闻,7140111998,新闻吧维护管理,https://gss0.bdstatic.com/6LZ1dD3d1sgCo2Kml5_Y_D3/sys/portrait/item/tb.1.42b304df.0IUkQ3Ar0KiAs19mgSZUMw,金观平：中国的确定性为世界经济注入信心,http://www.ce.cn/xwzx/gnsz/gdxw/202012/09/t20201209_36093898.sht,0,0,2020-12-09 16:06:19
新闻,7140103550,新闻吧维护管理,https://gss0.bdstatic.com/6LZ1dD3d1sgCo2Kml5_Y_D3/sys/portrait/item/tb.1.42b304df.0IUkQ3Ar0KiAs19mgSZUMw,这些瞬间 让2020没那么难过,http://m.news.cctv.com/2020/12/08/ARTIIN9X8baVW8aC6JplClkl201208,0,0,2020-12-09 16:02:24
